"LineNo","DateTime","Hour","Channel","ThresholdA","CutoffA","CbMs","ArrivalDelayMs","Dev","N","FsHz","ImaxA"
"83","2025/12/28 2:46:04","2025-12-28 02:00","3","10","8.273","31.93","0.15","1","20","1000","9.354"
"101","2025/12/28 2:47:34","2025-12-28 02:00","3","10","8.133","31.91","0.66","1","20","1000","9.843"
"118","2025/12/28 2:49:03","2025-12-28 02:00","5","10","8.475","31.89","0.1","1","20","1000","9.745"
"147","2025/12/28 2:51:33","2025-12-28 02:00","1","10","8.59","31","0.63","1","20","1000","10.574"
"165","2025/12/28 2:53:03","2025-12-28 02:00","1","10","8.318","31.94","0.23","1","20","1000","10.368"
"177","2025/12/28 2:54:03","2025-12-28 02:00","1","10","8.223","31.86","0.28","1","20","1000","10.873"
"184","2025/12/28 2:54:33","2025-12-28 02:00","5","10","8.464","31.91","0.39","1","20","1000","9.324"
"191","2025/12/28 2:55:04","2025-12-28 02:00","3","10","8.174","31.92","-0.08","1","20","1000","9.621"
"220","2025/12/28 2:57:33","2025-12-28 02:00","5","10","8.644","31.96","0.93","1","20","1000","10.981"
"221","2025/12/28 2:57:34","2025-12-28 02:00","3","10","8.318","31.91","0.08","1","20","1000","9.788"
"226","2025/12/28 2:58:03","2025-12-28 02:00","5","10","8.463","31.92","0.79","1","20","1000","10.546"
"243","2025/12/28 2:59:33","2025-12-28 02:00","1","10","8.219","31.94","0.45","1","20","1000","9.457"
"250","2025/12/28 3:00:03","2025-12-28 03:00","5","10","8.488","31.88","0.03","1","20","1000","10.135"
"268","2025/12/28 3:01:33","2025-12-28 03:00","5","10","8.574","31.91","0.25","1","20","1000","10.968"
"298","2025/12/28 3:04:03","2025-12-28 03:00","5","10","8.723","31.86","0.18","1","20","1000","11.029"
"352","2025/12/28 3:08:33","2025-12-28 03:00","5","10","8.562","31.92","0.78","1","20","1000","9.999"
"370","2025/12/28 3:10:03","2025-12-28 03:00","5","10","8.666","31.94","0.14","1","20","1000","10.421"
"383","2025/12/28 3:11:04","2025-12-28 03:00","3","10","8.313","31.94","0.62","1","20","1000","9.843"
"437","2025/12/28 3:15:34","2025-12-28 03:00","3","10","8.228","31.96","0.1","1","20","1000","9.737"
"442","2025/12/28 3:16:03","2025-12-28 03:00","5","10","8.81","31.95","0","1","20","1000","11.505"
"449","2025/12/28 3:16:34","2025-12-28 03:00","3","10","8.103","31.94","0.22","1","20","1000","9.959"
"507","2025/12/28 3:21:33","2025-12-28 03:00","1","10","8.138","31.84","0.83","1","20","1000","10.368"
"508","2025/12/28 3:21:33","2025-12-28 03:00","5","10","8.638","31.9","0.76","1","20","1000","10.817"
"509","2025/12/28 3:21:34","2025-12-28 03:00","3","10","8.324","31.98","-0.04","1","20","1000","10.522"
"533","2025/12/28 3:23:33","2025-12-28 03:00","3","10","8.116","31.94","-0.03","1","20","1000","9.553"
"556","2025/12/28 3:25:33","2025-12-28 03:00","5","10","8.435","31.92","0.4","1","20","1000","9.822"
"580","2025/12/28 3:27:33","2025-12-28 03:00","5","10","8.427","31.92","0.93","1","20","1000","9.996"
"593","2025/12/28 3:28:34","2025-12-28 03:00","3","10","8.309","31.94","0.74","1","20","1000","9.701"
"609","2025/12/28 3:30:03","2025-12-28 03:00","1","10","8.344","31.96","0.37","1","20","1000","10.049"
"610","2025/12/28 3:30:03","2025-12-28 03:00","5","10","8.476","31.9","0.35","1","20","1000","11.032"
"621","2025/12/28 3:31:03","2025-12-28 03:00","1","10","8.474","31.85","0.92","1","20","1000","10.117"
"663","2025/12/28 3:34:33","2025-12-28 03:00","1","10","8.288","31.89","0.84","1","20","1000","9.914"
"669","2025/12/28 3:35:03","2025-12-28 03:00","1","10","8.386","31.92","0.27","1","20","1000","10.326"
"671","2025/12/28 3:35:04","2025-12-28 03:00","3","10","8.344","31.94","0.66","1","20","1000","10.178"
"683","2025/12/28 3:36:04","2025-12-28 03:00","3","10","8.106","31.99","0.15","1","20","1000","10.313"
"724","2025/12/28 3:39:33","2025-12-28 03:00","5","10","8.513","31.71","0.22","1","20","1000","11.119"
"741","2025/12/28 3:41:03","2025-12-28 03:00","1","10","8.265","31.92","0.08","1","20","1000","10.561"
"771","2025/12/28 3:43:33","2025-12-28 03:00","1","10","8.181","31.93","0.9","1","20","1000","9.644"
"773","2025/12/28 3:43:34","2025-12-28 03:00","3","10","8.073","31.9","0.08","1","20","1000","10.2"
"820","2025/12/28 3:47:33","2025-12-28 03:00","5","10","8.478","31.92","0.86","1","20","1000","10.36"
"827","2025/12/28 3:48:04","2025-12-28 03:00","3","10","8.32","31.89","0.17","1","20","1000","10.245"
"831","2025/12/28 3:48:33","2025-12-28 03:00","1","10","8.164","31.93","0.55","1","20","1000","9.827"
"832","2025/12/28 3:48:33","2025-12-28 03:00","5","10","8.675","31.91","0.52","1","20","1000","10.466"
"855","2025/12/28 3:50:33","2025-12-28 03:00","1","10","8.492","31.94","0.21","1","20","1000","10.577"
"873","2025/12/28 3:52:03","2025-12-28 03:00","1","10","8.37","31.95","0.3","1","20","1000","10.374"
"875","2025/12/28 3:52:04","2025-12-28 03:00","3","10","8.295","31.91","0.43","1","20","1000","9.952"
"879","2025/12/28 3:52:33","2025-12-28 03:00","1","10","8.122","31.96","0.22","1","20","1000","10.48"
"891","2025/12/28 3:53:33","2025-12-28 03:00","1","10","8.212","31.93","0.58","1","20","1000","10.454"
"893","2025/12/28 3:53:34","2025-12-28 03:00","3","10","8.364","31.93","0.72","1","20","1000","10.48"
"928","2025/12/28 3:56:33","2025-12-28 03:00","5","10","8.61","31.88","0.81","1","20","1000","10.527"
"933","2025/12/28 3:57:03","2025-12-28 03:00","1","10","8.211","31.91","0.58","1","20","1000","10.236"
"951","2025/12/28 3:58:33","2025-12-28 03:00","1","10","8.388","31.9","0.1","1","20","1000","9.544"
"953","2025/12/28 3:58:34","2025-12-28 03:00","3","10","8.234","31.93","0.23","1","20","1000","10.416"
"958","2025/12/28 3:59:03","2025-12-28 03:00","5","10","8.601","31.93","0.77","1","20","1000","9.871"
"964","2025/12/28 3:59:33","2025-12-28 03:00","5","10","8.678","31.92","0.5","1","20","1000","9.877"
"981","2025/12/28 4:01:03","2025-12-28 04:00","1","10","8.254","31.89","0.85","1","20","1000","10.088"
"1005","2025/12/28 4:03:03","2025-12-28 04:00","1","10","8.318","31.78","-0.06","1","20","1000","10.01"
"1018","2025/12/28 4:04:03","2025-12-28 04:00","5","10","8.447","32.03","0.05","1","20","1000","10.038"
"1030","2025/12/28 4:05:03","2025-12-28 04:00","5","10","8.647","31.97","0.77","1","20","1000","10.575"
"1042","2025/12/28 4:06:03","2025-12-28 04:00","5","10","8.498","31.89","0.75","1","20","1000","10.402"
"1048","2025/12/28 4:06:33","2025-12-28 04:00","5","10","8.639","31.94","0.72","1","20","1000","10.035"
"1061","2025/12/28 4:07:34","2025-12-28 04:00","3","10","8.629","31.89","0.16","1","20","1000","10.863"
"1071","2025/12/28 4:08:33","2025-12-28 04:00","1","10","8.306","31.93","0.24","1","20","1000","10.651"
"1078","2025/12/28 4:09:03","2025-12-28 04:00","5","10","8.604","31.9","0.81","1","20","1000","11.225"
"1079","2025/12/28 4:09:04","2025-12-28 04:00","3","10","8.182","31.88","0.17","1","20","1000","10.242"
"1102","2025/12/28 4:11:03","2025-12-28 04:00","5","10","8.637","31.9","0.29","1","20","1000","10.476"
"1103","2025/12/28 4:11:03","2025-12-28 04:00","3","10","8.111","31.92","0.69","1","20","1000","10.528"
"1119","2025/12/28 4:12:33","2025-12-28 04:00","1","10","8.2","31.94","0.85","1","20","1000","9.914"
"1120","2025/12/28 4:12:33","2025-12-28 04:00","5","10","8.697","31.87","0","1","20","1000","9.726"
"1125","2025/12/28 4:13:03","2025-12-28 04:00","1","10","8.253","31.92","0.87","1","20","1000","9.583"
"1131","2025/12/28 4:13:33","2025-12-28 04:00","1","10","8.176","31.9","0.49","1","20","1000","9.959"
"1137","2025/12/28 4:14:03","2025-12-28 04:00","1","10","8.17","31.95","0.29","1","20","1000","9.975"
"1186","2025/12/28 4:18:03","2025-12-28 04:00","5","10","8.569","31.96","0.67","1","20","1000","10.228"
"1187","2025/12/28 4:18:04","2025-12-28 04:00","3","10","8.47","31.88","0.03","1","20","1000","10.181"
"1223","2025/12/28 4:21:04","2025-12-28 04:00","3","10","8.115","31.91","0.75","1","20","1000","10.017"
"1227","2025/12/28 4:21:33","2025-12-28 04:00","1","10","8.173","31.93","0.67","1","20","1000","9.676"
"1240","2025/12/28 4:22:33","2025-12-28 04:00","5","10","8.522","31.9","0.46","1","20","1000","10.26"
"1252","2025/12/28 4:23:33","2025-12-28 04:00","5","10","8.724","31.92","0.07","1","20","1000","10.62"
"1265","2025/12/28 4:24:33","2025-12-28 04:00","3","10","8.379","31.9","0.14","1","20","1000","9.943"
"1270","2025/12/28 4:25:03","2025-12-28 04:00","5","10","8.709","31.95","0.57","1","20","1000","10.228"
"1271","2025/12/28 4:25:03","2025-12-28 04:00","3","10","8.246","32","-0.02","1","20","1000","10.245"
"1325","2025/12/28 4:29:34","2025-12-28 04:00","3","10","8.37","31.94","-0.05","1","20","1000","10.287"
"1349","2025/12/28 4:31:34","2025-12-28 04:00","3","10","8.124","31.67","0.83","1","20","1000","9.869"
"1383","2025/12/28 4:34:33","2025-12-28 04:00","1","10","8.181","31.95","0.24","1","20","1000","10.162"
"1397","2025/12/28 4:35:34","2025-12-28 04:00","3","10","8.191","31.94","0.77","1","20","1000","10.371"
"1403","2025/12/28 4:36:03","2025-12-28 04:00","3","10","8.098","31.89","0.67","1","20","1000","10.348"
"1414","2025/12/28 4:37:03","2025-12-28 04:00","5","10","8.498","31.93","0.66","1","20","1000","9.61"
"1439","2025/12/28 4:39:04","2025-12-28 04:00","3","10","8.341","31.9","0.48","1","20","1000","10.802"
"1451","2025/12/28 4:40:03","2025-12-28 04:00","3","10","8.337","31.06","0.37","1","20","1000","9.923"
"1461","2025/12/28 4:41:03","2025-12-28 04:00","1","10","8.264","32.06","0.79","1","20","1000","9.608"
"1474","2025/12/28 4:42:03","2025-12-28 04:00","5","10","8.555","31.98","0.76","1","20","1000","9.279"
"1492","2025/12/28 4:43:33","2025-12-28 04:00","5","10","8.549","31.96","0.24","1","20","1000","11.077"
"1510","2025/12/28 4:45:03","2025-12-28 04:00","5","10","8.543","31.85","0.19","1","20","1000","10.53"
"1527","2025/12/28 4:46:33","2025-12-28 04:00","1","10","8.4","31.96","0.67","1","20","1000","10.631"
"1540","2025/12/28 4:47:33","2025-12-28 04:00","5","10","8.468","31.91","0.77","1","20","1000","9.739"
"1552","2025/12/28 4:48:33","2025-12-28 04:00","5","10","8.441","31.91","0.72","1","20","1000","10.591"
"1575","2025/12/28 4:50:33","2025-12-28 04:00","1","10","8.555","31.91","0.17","1","20","1000","10.11"
"1581","2025/12/28 4:51:03","2025-12-28 04:00","1","10","8.13","31.92","0.22","1","20","1000","9.943"
"1589","2025/12/28 4:51:34","2025-12-28 04:00","3","10","8.32","31.88","0.24","1","20","1000","9.811"
"1593","2025/12/28 4:52:03","2025-12-28 04:00","1","10","8.577","31.92","0.47","1","20","1000","11.6"
"1623","2025/12/28 4:54:33","2025-12-28 04:00","1","10","8.536","31.95","0.23","1","20","1000","10.02"
"1635","2025/12/28 4:55:33","2025-12-28 04:00","1","10","8.256","31.25","0.76","1","20","1000","9.399"
"1648","2025/12/28 4:56:33","2025-12-28 04:00","5","10","8.548","31.95","0.79","1","20","1000","10.669"
"1649","2025/12/28 4:56:34","2025-12-28 04:00","3","10","8.361","31.92","0.2","1","20","1000","10.239"
"1677","2025/12/28 4:59:03","2025-12-28 04:00","1","10","8.462","31.94","0.57","1","20","1000","10.2"
"1678","2025/12/28 4:59:03","2025-12-28 04:00","5","10","8.747","31.91","0.34","1","20","1000","10.752"
"1696","2025/12/28 5:00:33","2025-12-28 05:00","5","10","8.451","31.94","0.05","1","20","1000","10.022"
"1713","2025/12/28 5:02:03","2025-12-28 05:00","1","10","8.214","31.89","0.06","1","20","1000","10.763"
"1720","2025/12/28 5:02:33","2025-12-28 05:00","5","10","8.567","31.9","0.3","1","20","1000","9.816"
"1732","2025/12/28 5:03:33","2025-12-28 05:00","5","10","8.523","31.93","0.58","1","20","1000","9.732"
"1750","2025/12/28 5:05:03","2025-12-28 05:00","5","10","8.527","31.94","0.68","1","20","1000","9.829"
"1762","2025/12/28 5:06:03","2025-12-28 05:00","5","10","8.597","31.89","0.43","1","20","1000","10.739"
"1769","2025/12/28 5:06:34","2025-12-28 05:00","3","10","8.129","31.95","0.56","1","20","1000","10.261"
"1791","2025/12/28 5:08:33","2025-12-28 05:00","1","10","8.419","31.91","0.94","1","20","1000","10.606"
"1798","2025/12/28 5:09:03","2025-12-28 05:00","5","10","8.542","31.9","0.06","1","20","1000","10.768"
"1821","2025/12/28 5:11:03","2025-12-28 05:00","1","10","8.239","31.2","0.93","1","20","1000","10.342"
"1827","2025/12/28 5:11:33","2025-12-28 05:00","1","10","8.236","31.93","0.28","1","20","1000","10.821"
"1828","2025/12/28 5:11:33","2025-12-28 05:00","5","10","8.594","31.91","0.26","1","20","1000","9.703"
"1833","2025/12/28 5:12:03","2025-12-28 05:00","1","10","8.258","31.93","-0.03","1","20","1000","10.194"
"1846","2025/12/28 5:13:03","2025-12-28 05:00","5","10","8.714","31.91","0.9","1","20","1000","10.495"
"1852","2025/12/28 5:13:33","2025-12-28 05:00","5","10","8.553","31.87","0.42","1","20","1000","10.012"
"1858","2025/12/28 5:14:03","2025-12-28 05:00","5","10","8.508","31.94","0.17","1","20","1000","10.524"
"1894","2025/12/28 5:17:03","2025-12-28 05:00","5","10","8.588","31.95","0.26","1","20","1000","9.658"
"1905","2025/12/28 5:18:03","2025-12-28 05:00","1","10","8.295","31.94","0.43","1","20","1000","10.802"
"1918","2025/12/28 5:19:03","2025-12-28 05:00","5","10","8.623","31.95","0.75","1","20","1000","9.771"
"1919","2025/12/28 5:19:04","2025-12-28 05:00","3","10","8.531","31.69","-0.05","1","20","1000","10.438"
"1930","2025/12/28 5:20:03","2025-12-28 05:00","5","10","8.63","31.86","0.04","1","20","1000","10.826"
"1942","2025/12/28 5:21:03","2025-12-28 05:00","5","10","8.613","31.95","0.87","1","20","1000","10.553"
"1947","2025/12/28 5:21:33","2025-12-28 05:00","1","10","8.357","31.92","0.77","1","20","1000","10.496"
"1961","2025/12/28 5:22:33","2025-12-28 05:00","3","10","8.17","31.24","0.9","1","20","1000","9.856"
"1973","2025/12/28 5:23:33","2025-12-28 05:00","3","10","8.137","31.95","0.39","1","20","1000","9.759"
"1979","2025/12/28 5:24:04","2025-12-28 05:00","3","10","8.321","31.92","0.64","1","20","1000","10.48"
"1991","2025/12/28 5:25:04","2025-12-28 05:00","3","10","8.662","31.9","0.67","1","20","1000","9.875"
"1997","2025/12/28 5:25:34","2025-12-28 05:00","3","10","8.299","31.89","0.86","1","20","1000","10.979"
"2001","2025/12/28 5:26:03","2025-12-28 05:00","1","10","8.193","31.96","0.1","1","20","1000","9.637"
"2009","2025/12/28 5:26:34","2025-12-28 05:00","3","10","8.454","31.84","0.49","1","20","1000","10.895"
"2015","2025/12/28 5:27:04","2025-12-28 05:00","3","10","8.193","31.92","0","1","20","1000","9.843"
"2025","2025/12/28 5:28:03","2025-12-28 05:00","1","10","8.233","31.89","0.86","1","20","1000","9.724"
"2027","2025/12/28 5:28:04","2025-12-28 05:00","3","10","8.384","31.88","0.83","1","20","1000","10.515"
"2031","2025/12/28 5:28:33","2025-12-28 05:00","1","10","8.233","31.98","0.83","1","20","1000","10.258"
"2043","2025/12/28 5:29:33","2025-12-28 05:00","1","10","8.67","31.92","0.81","1","20","1000","10.654"
"2049","2025/12/28 5:30:03","2025-12-28 05:00","1","10","8.41","31.94","0.44","1","20","1000","10.857"
"2055","2025/12/28 5:30:33","2025-12-28 05:00","1","10","8.341","31.93","0","1","20","1000","10.783"
"2057","2025/12/28 5:30:34","2025-12-28 05:00","3","10","8.54","31.91","0.13","1","20","1000","10.261"
"2062","2025/12/28 5:31:03","2025-12-28 05:00","5","10","8.617","31.91","0.47","1","20","1000","10.099"
"2104","2025/12/28 5:34:33","2025-12-28 05:00","5","10","8.515","31.92","0.88","1","20","1000","10.45"
"2110","2025/12/28 5:35:03","2025-12-28 05:00","5","10","8.69","31.74","0.68","1","20","1000","10.283"
"2117","2025/12/28 5:35:34","2025-12-28 05:00","3","10","8.289","31.82","0.51","1","20","1000","9.804"
"2128","2025/12/28 5:36:33","2025-12-28 05:00","5","10","8.473","31.89","0.89","1","20","1000","10.369"
"2133","2025/12/28 5:37:03","2025-12-28 05:00","1","10","8.634","31.97","0.17","1","20","1000","10.625"
"2157","2025/12/28 5:39:03","2025-12-28 05:00","1","10","8.355","31.95","0.05","1","20","1000","10.306"
"2163","2025/12/28 5:39:33","2025-12-28 05:00","1","10","8.303","31.92","0.01","1","20","1000","9.949"
"2207","2025/12/28 5:43:04","2025-12-28 05:00","3","10","8.322","31.78","0.08","1","20","1000","9.753"
"2236","2025/12/28 5:45:33","2025-12-28 05:00","5","10","8.585","31.9","0.25","1","20","1000","9.771"
"2237","2025/12/28 5:45:34","2025-12-28 05:00","3","10","8.285","31.46","0.15","1","20","1000","9.695"
"2271","2025/12/28 5:48:33","2025-12-28 05:00","1","10","8.197","31.95","0.07","1","20","1000","9.798"
"2284","2025/12/28 5:49:33","2025-12-28 05:00","5","10","8.465","31.91","-0.03","1","20","1000","9.929"
"2289","2025/12/28 5:50:03","2025-12-28 05:00","1","10","8.13","31.82","0.72","1","20","1000","10.017"
"2290","2025/12/28 5:50:03","2025-12-28 05:00","5","10","8.452","31.88","0.65","1","20","1000","10.07"
"2296","2025/12/28 5:50:33","2025-12-28 05:00","5","10","8.761","31.9","0","1","20","1000","10.469"
"2302","2025/12/28 5:51:03","2025-12-28 05:00","5","10","8.553","31.93","0.64","1","20","1000","10.405"
"2309","2025/12/28 5:51:34","2025-12-28 05:00","3","10","8.394","31.87","0.4","1","20","1000","9.763"
"2321","2025/12/28 5:52:34","2025-12-28 05:00","3","10","8.246","33.38","-0.03","1","20","1000","11.204"
"2337","2025/12/28 5:54:03","2025-12-28 05:00","1","10","8.212","31.87","0.58","1","20","1000","10.187"
"2338","2025/12/28 5:54:03","2025-12-28 05:00","5","10","8.595","31.97","0.56","1","20","1000","10.302"
"2362","2025/12/28 5:56:03","2025-12-28 05:00","5","10","8.515","31.94","0.85","1","20","1000","10.054"
"2381","2025/12/28 5:57:34","2025-12-28 05:00","3","10","8.442","31.91","0.05","1","20","1000","9.853"
"2391","2025/12/28 5:58:33","2025-12-28 05:00","1","10","8.118","31.92","0.14","1","20","1000","9.779"
"2434","2025/12/28 6:02:03","2025-12-28 06:00","5","10","8.461","31.94","0.68","1","20","1000","10.064"
"2440","2025/12/28 6:02:33","2025-12-28 06:00","5","10","8.616","31.93","-0.04","1","20","1000","10.051"
"2445","2025/12/28 6:03:03","2025-12-28 06:00","1","10","8.4","31.94","0.83","1","20","1000","10.619"
"2452","2025/12/28 6:03:33","2025-12-28 06:00","5","10","8.518","31.95","0.4","1","20","1000","10.006"
"2476","2025/12/28 6:05:33","2025-12-28 06:00","5","10","8.7","31.93","0.42","1","20","1000","10.614"
"2482","2025/12/28 6:06:03","2025-12-28 06:00","5","10","8.691","31.92","0.91","1","20","1000","10.839"
"2489","2025/12/28 6:06:34","2025-12-28 06:00","3","10","8.311","31.87","0.01","1","20","1000","9.808"
"2501","2025/12/28 6:07:34","2025-12-28 06:00","3","10","8.082","31.95","0.41","1","20","1000","10.332"
"2525","2025/12/28 6:09:34","2025-12-28 06:00","3","10","8.215","31.88","0.55","1","20","1000","9.904"
"2536","2025/12/28 6:10:33","2025-12-28 06:00","5","10","8.556","31.94","0","1","20","1000","10.221"
"2537","2025/12/28 6:10:34","2025-12-28 06:00","3","10","8.144","31.92","0.37","1","20","1000","9.47"
"2543","2025/12/28 6:11:04","2025-12-28 06:00","3","10","8.163","32.16","0.43","1","20","1000","9.708"
"2547","2025/12/28 6:11:33","2025-12-28 06:00","1","10","8.178","31.99","0.36","1","20","1000","9.335"
"2549","2025/12/28 6:11:34","2025-12-28 06:00","3","10","8.115","31.79","0.49","1","20","1000","9.759"
"2577","2025/12/28 6:14:03","2025-12-28 06:00","1","10","8.293","31.88","0.6","1","20","1000","10.831"
"2601","2025/12/28 6:16:03","2025-12-28 06:00","1","10","8.207","31.94","0.06","1","20","1000","10.397"
"2609","2025/12/28 6:16:34","2025-12-28 06:00","3","10","8.247","31.88","0.37","1","20","1000","10.371"
"2619","2025/12/28 6:17:33","2025-12-28 06:00","1","10","8.363","31.94","0.82","1","20","1000","10.078"
"2661","2025/12/28 6:21:03","2025-12-28 06:00","1","10","8.213","31.94","0.87","1","20","1000","10.03"
"2663","2025/12/28 6:21:04","2025-12-28 06:00","3","10","8.12","31.92","0","1","20","1000","10.297"
"2668","2025/12/28 6:21:33","2025-12-28 06:00","5","10","8.611","31.98","0.41","1","20","1000","10.035"
"2675","2025/12/28 6:22:04","2025-12-28 06:00","3","10","8.56","31.05","0.52","1","20","1000","9.878"
"2686","2025/12/28 6:23:03","2025-12-28 06:00","5","10","8.602","31.89","0.49","1","20","1000","10.797"
"2699","2025/12/28 6:24:04","2025-12-28 06:00","3","10","8.153","31.91","0.84","1","20","1000","9.676"
"2704","2025/12/28 6:24:33","2025-12-28 06:00","5","10","8.447","31.93","0.79","1","20","1000","9.896"
"2705","2025/12/28 6:24:34","2025-12-28 06:00","3","10","8.364","31.9","0.2","1","20","1000","9.795"
"2711","2025/12/28 6:25:04","2025-12-28 06:00","3","10","8.115","31.93","0.49","1","20","1000","9.946"
"2746","2025/12/28 6:28:03","2025-12-28 06:00","5","10","8.682","31.95","0.05","1","20","1000","10.147"
"2751","2025/12/28 6:28:33","2025-12-28 06:00","1","10","8.271","31.89","0.12","1","20","1000","9.721"
"2765","2025/12/28 6:29:34","2025-12-28 06:00","3","10","8.232","31.92","0.23","1","20","1000","10.596"
"2771","2025/12/28 6:30:04","2025-12-28 06:00","3","10","8.27","31.93","0.09","1","20","1000","10.245"
"2775","2025/12/28 6:30:33","2025-12-28 06:00","1","10","8.585","31.94","0.14","1","20","1000","10.998"
"2793","2025/12/28 6:32:03","2025-12-28 06:00","1","10","8.278","31.92","0.84","1","20","1000","9.698"
"2794","2025/12/28 6:32:03","2025-12-28 06:00","5","10","8.675","31.88","0.83","1","20","1000","9.945"
"2829","2025/12/28 6:35:03","2025-12-28 06:00","1","10","8.526","31.89","0.01","1","20","1000","10.602"
"2836","2025/12/28 6:35:33","2025-12-28 06:00","5","10","8.555","31.96","0.76","1","20","1000","11.029"
"2837","2025/12/28 6:35:34","2025-12-28 06:00","3","10","8.372","31.89","0.91","1","20","1000","9.94"
"2847","2025/12/28 6:36:33","2025-12-28 06:00","1","10","8.257","31.91","0.09","1","20","1000","10.57"
"2848","2025/12/28 6:36:33","2025-12-28 06:00","5","10","8.611","31.92","0.08","1","20","1000","10.057"
"2866","2025/12/28 6:38:03","2025-12-28 06:00","5","10","8.716","31.92","0.46","1","20","1000","10.62"
"2889","2025/12/28 6:40:03","2025-12-28 06:00","1","10","8.14","31.88","0.64","1","20","1000","9.724"
"2890","2025/12/28 6:40:03","2025-12-28 06:00","5","10","8.426","31.88","0.57","1","20","1000","9.549"
"2919","2025/12/28 6:42:33","2025-12-28 06:00","1","10","8.354","31.89","0.9","1","20","1000","10.483"
"2925","2025/12/28 6:43:03","2025-12-28 06:00","1","10","8.313","31.93","0.94","1","20","1000","9.908"
"2955","2025/12/28 6:45:33","2025-12-28 06:00","1","10","8.2","31.94","0.04","1","20","1000","10.049"
"3004","2025/12/28 6:49:33","2025-12-28 06:00","5","10","8.597","31.92","-0.04","1","20","1000","10.53"
"3005","2025/12/28 6:49:34","2025-12-28 06:00","3","10","8.125","31.94","0.16","1","20","1000","9.93"
"3009","2025/12/28 6:50:03","2025-12-28 06:00","1","10","8.175","31.93","0.39","1","20","1000","10.628"
"3039","2025/12/28 6:52:33","2025-12-28 06:00","1","10","8.127","31.93","0.11","1","20","1000","9.724"
"3041","2025/12/28 6:52:34","2025-12-28 06:00","3","10","8.268","31.95","0.08","1","20","1000","10.776"
"3053","2025/12/28 6:53:34","2025-12-28 06:00","3","10","8.65","31.96","0.81","1","20","1000","10.055"
"3058","2025/12/28 6:54:03","2025-12-28 06:00","5","10","8.587","31.95","0.28","1","20","1000","9.514"
"3063","2025/12/28 6:54:33","2025-12-28 06:00","1","10","8.428","31.02","0.88","1","20","1000","10.918"
"3069","2025/12/28 6:55:03","2025-12-28 06:00","1","10","8.374","31.92","0.85","1","20","1000","10.139"
"3113","2025/12/28 6:58:34","2025-12-28 06:00","3","10","8.405","31.91","0.71","1","20","1000","10.287"
"3118","2025/12/28 6:59:03","2025-12-28 06:00","5","10","8.445","31.98","0.37","1","20","1000","10.157"
"3119","2025/12/28 6:59:04","2025-12-28 06:00","3","10","8.214","31.94","0.57","1","20","1000","11.046"
"3130","2025/12/28 7:00:03","2025-12-28 07:00","5","10","8.556","31.9","0.73","1","20","1000","10.482"
"3161","2025/12/28 7:02:34","2025-12-28 07:00","3","10","8.189","31.95","0.26","1","20","1000","9.895"
"3171","2025/12/28 7:03:33","2025-12-28 07:00","1","10","8.379","31.92","0.13","1","20","1000","10.2"
"3172","2025/12/28 7:03:33","2025-12-28 07:00","5","10","8.475","31.91","0.07","1","20","1000","9.884"
"3201","2025/12/28 7:06:03","2025-12-28 07:00","1","10","8.299","31.93","0.85","1","20","1000","10.593"
"3202","2025/12/28 7:06:03","2025-12-28 07:00","5","10","8.525","31.93","0.78","1","20","1000","10.437"
"3219","2025/12/28 7:07:33","2025-12-28 07:00","1","10","8.279","31.9","0.67","1","20","1000","10.738"
"3231","2025/12/28 7:08:33","2025-12-28 07:00","1","10","8.224","31.93","0.71","1","20","1000","10.471"
"3245","2025/12/28 7:09:34","2025-12-28 07:00","3","10","8.306","31.98","0.06","1","20","1000","10.432"
"3257","2025/12/28 7:10:34","2025-12-28 07:00","3","10","8.152","31.85","0.85","1","20","1000","10.046"
"3304","2025/12/28 7:14:33","2025-12-28 07:00","5","10","8.432","31.88","0.54","1","20","1000","10.9"
"3322","2025/12/28 7:16:03","2025-12-28 07:00","5","10","8.83","31.91","0.46","1","20","1000","9.864"
"3328","2025/12/28 7:16:33","2025-12-28 07:00","5","10","8.635","31.92","0.42","1","20","1000","10.704"
"3333","2025/12/28 7:17:03","2025-12-28 07:00","1","10","8.116","31.9","0.17","1","20","1000","10.223"
"3376","2025/12/28 7:20:33","2025-12-28 07:00","5","10","8.6","31.97","0.49","1","20","1000","11.199"
"3381","2025/12/28 7:21:03","2025-12-28 07:00","1","10","8.373","31.92","0.04","1","20","1000","10.606"
"3388","2025/12/28 7:21:33","2025-12-28 07:00","5","10","8.431","31.92","0.07","1","20","1000","10.051"
"3395","2025/12/28 7:22:04","2025-12-28 07:00","3","10","8.333","31.93","0.33","1","20","1000","10.139"
"3399","2025/12/28 7:22:33","2025-12-28 07:00","1","10","8.163","31.9","0.32","1","20","1000","10.046"
"3423","2025/12/28 7:24:33","2025-12-28 07:00","1","10","8.488","31.93","0.84","1","20","1000","11.008"
"3455","2025/12/28 7:27:04","2025-12-28 07:00","3","10","8.12","31.91","0.39","1","20","1000","9.647"
"3466","2025/12/28 7:28:03","2025-12-28 07:00","5","10","8.696","31.9","0.88","1","20","1000","10.514"
"3472","2025/12/28 7:28:33","2025-12-28 07:00","5","10","8.428","31.9","0.51","1","20","1000","9.726"
"3477","2025/12/28 7:29:03","2025-12-28 07:00","1","10","8.428","31.39","0.11","1","20","1000","10.158"
"3489","2025/12/28 7:30:03","2025-12-28 07:00","1","10","8.359","31.91","0.87","1","20","1000","10.471"
"3508","2025/12/28 7:31:33","2025-12-28 07:00","5","10","8.477","31.91","0.53","1","20","1000","10.797"
"3533","2025/12/28 7:33:34","2025-12-28 07:00","3","10","8.322","31.97","0.19","1","20","1000","10.197"
"3537","2025/12/28 7:34:03","2025-12-28 07:00","1","10","8.224","31.96","0.45","1","20","1000","9.908"
"3543","2025/12/28 7:34:33","2025-12-28 07:00","1","10","8.357","33.38","-0.03","1","20","1000","10.561"
"3549","2025/12/28 7:35:03","2025-12-28 07:00","1","10","8.596","31.9","0.5","1","20","1000","10.77"
"3561","2025/12/28 7:36:03","2025-12-28 07:00","1","10","8.135","31.95","0.86","1","20","1000","9.444"
"3563","2025/12/28 7:36:04","2025-12-28 07:00","3","10","8.094","31.84","0.58","1","20","1000","10.461"
"3567","2025/12/28 7:36:33","2025-12-28 07:00","1","10","8.361","31.85","0.62","1","20","1000","10.876"
"3593","2025/12/28 7:38:34","2025-12-28 07:00","3","10","8.182","31.93","0.04","1","20","1000","10.216"
"3609","2025/12/28 7:40:03","2025-12-28 07:00","1","10","8.347","31.94","0.89","1","20","1000","9.904"
"3617","2025/12/28 7:40:34","2025-12-28 07:00","3","10","8.745","31.92","0.24","1","20","1000","10.589"
"3629","2025/12/28 7:41:34","2025-12-28 07:00","3","10","8.405","31.94","0.94","1","20","1000","10.351"
"3647","2025/12/28 7:43:04","2025-12-28 07:00","3","10","8.275","31.87","0.17","1","20","1000","9.644"
"3653","2025/12/28 7:43:34","2025-12-28 07:00","3","10","8.263","31.9","0.61","1","20","1000","10.117"
"3676","2025/12/28 7:45:33","2025-12-28 07:00","5","10","8.803","31.9","0.03","1","20","1000","10.476"
"3681","2025/12/28 7:46:03","2025-12-28 07:00","1","10","8.257","31.93","0.01","1","20","1000","9.814"
"3706","2025/12/28 7:48:03","2025-12-28 07:00","5","10","8.592","32.05","0.25","1","20","1000","10.163"
"3729","2025/12/28 7:50:03","2025-12-28 07:00","1","10","8.588","31.94","0.74","1","20","1000","11.05"
"3743","2025/12/28 7:51:04","2025-12-28 07:00","3","10","8.567","31.9","-0.04","1","20","1000","9.898"
"3749","2025/12/28 7:51:34","2025-12-28 07:00","3","10","8.241","31.94","0.8","1","20","1000","9.682"
"3773","2025/12/28 7:53:34","2025-12-28 07:00","3","10","8.215","32.3","0.49","1","20","1000","9.621"
"3784","2025/12/28 7:54:33","2025-12-28 07:00","5","10","8.626","31.53","0","1","20","1000","10.443"
"3807","2025/12/28 7:56:33","2025-12-28 07:00","1","10","8.311","31.95","0.16","1","20","1000","10.483"
"3833","2025/12/28 7:58:34","2025-12-28 07:00","3","10","8.094","31.17","0.67","1","20","1000","10.281"
"3843","2025/12/28 7:59:33","2025-12-28 07:00","1","10","8.636","31.94","0.88","1","20","1000","10.355"
"3849","2025/12/28 8:00:03","2025-12-28 08:00","1","10","8.458","31.89","0.02","1","20","1000","10.738"
"3861","2025/12/28 8:01:03","2025-12-28 08:00","1","10","8.199","31.94","0.14","1","20","1000","10.808"
"3862","2025/12/28 8:01:03","2025-12-28 08:00","5","10","8.535","31.61","0.12","1","20","1000","10.299"
"3863","2025/12/28 8:01:04","2025-12-28 08:00","3","10","8.365","31.94","0.1","1","20","1000","10.705"
"3867","2025/12/28 8:01:33","2025-12-28 08:00","1","10","8.591","31.21","0.63","1","20","1000","10.734"
"3874","2025/12/28 8:02:03","2025-12-28 08:00","5","10","8.603","31.96","0.47","1","20","1000","10.714"
"3875","2025/12/28 8:02:04","2025-12-28 08:00","3","10","8.162","31.89","0.66","1","20","1000","9.969"
"3879","2025/12/28 8:02:33","2025-12-28 08:00","1","10","8.195","31","0.56","1","20","1000","9.788"
"3887","2025/12/28 8:03:04","2025-12-28 08:00","3","10","8.093","31.88","0.38","1","20","1000","9.499"
"3892","2025/12/28 8:03:33","2025-12-28 08:00","5","10","8.745","31.94","0.75","1","20","1000","9.98"
"3899","2025/12/28 8:04:04","2025-12-28 08:00","3","10","8.247","31.89","0.13","1","20","1000","9.949"
"3915","2025/12/28 8:05:33","2025-12-28 08:00","1","10","8.179","31.92","0.58","1","20","1000","9.933"
"3921","2025/12/28 8:06:03","2025-12-28 08:00","1","10","8.251","31.96","-0.06","1","20","1000","9.814"
"3935","2025/12/28 8:07:04","2025-12-28 08:00","3","10","8.104","31.93","0.81","1","20","1000","9.615"
"3957","2025/12/28 8:09:03","2025-12-28 08:00","1","10","8.335","31.97","0.8","1","20","1000","10.982"
"3976","2025/12/28 8:10:33","2025-12-28 08:00","5","10","8.468","31.93","0.75","1","20","1000","11.035"
"3988","2025/12/28 8:11:33","2025-12-28 08:00","5","10","8.564","31.89","0.54","1","20","1000","10.45"
"3993","2025/12/28 8:12:03","2025-12-28 08:00","1","10","8.186","31.93","0.56","1","20","1000","9.65"
"4013","2025/12/28 8:13:34","2025-12-28 08:00","3","10","8.082","31.91","0.86","1","20","1000","9.769"
"4017","2025/12/28 8:14:03","2025-12-28 08:00","1","10","8.424","31.93","0.82","1","20","1000","10.3"
"4018","2025/12/28 8:14:03","2025-12-28 08:00","5","10","8.545","31.91","0.8","1","20","1000","9.591"
"4025","2025/12/28 8:14:34","2025-12-28 08:00","3","10","8.515","31.9","0.84","1","20","1000","10.393"
"4029","2025/12/28 8:15:03","2025-12-28 08:00","1","10","8.187","31.92","0.23","1","20","1000","10.586"
"4060","2025/12/28 8:17:33","2025-12-28 08:00","5","10","8.651","31.95","0.22","1","20","1000","10.965"
"4073","2025/12/28 8:18:34","2025-12-28 08:00","3","10","8.275","31.93","0.26","1","20","1000","10.03"
"4114","2025/12/28 8:22:03","2025-12-28 08:00","5","10","8.446","31.89","0.37","1","20","1000","10.704"
"4120","2025/12/28 8:22:33","2025-12-28 08:00","5","10","8.429","31.91","0.28","1","20","1000","10.389"
"4125","2025/12/28 8:23:03","2025-12-28 08:00","1","10","8.376","31.9","0.48","1","20","1000","10.165"
"4126","2025/12/28 8:23:03","2025-12-28 08:00","5","10","8.513","31.94","0.46","1","20","1000","11.164"
"4131","2025/12/28 8:23:33","2025-12-28 08:00","1","10","8.383","31.96","0.74","1","20","1000","10.265"
"4133","2025/12/28 8:23:34","2025-12-28 08:00","3","10","8.287","31.92","0.92","1","20","1000","9.521"
"4150","2025/12/28 8:25:03","2025-12-28 08:00","5","10","8.591","31.91","0.33","1","20","1000","10.032"
"4174","2025/12/28 8:27:03","2025-12-28 08:00","5","10","8.592","31.9","0.32","1","20","1000","9.645"
"4186","2025/12/28 8:28:03","2025-12-28 08:00","5","10","8.544","31.9","0.15","1","20","1000","10.231"
"4191","2025/12/28 8:28:33","2025-12-28 08:00","1","10","8.159","32.05","0.36","1","20","1000","10.715"
"4217","2025/12/28 8:30:34","2025-12-28 08:00","3","10","8.229","31.95","0.35","1","20","1000","10.702"
"4222","2025/12/28 8:31:03","2025-12-28 08:00","5","10","8.574","31.92","0.15","1","20","1000","9.89"
"4240","2025/12/28 8:32:33","2025-12-28 08:00","5","10","8.483","31.87","0.33","1","20","1000","10.649"
"4241","2025/12/28 8:32:34","2025-12-28 08:00","3","10","8.239","31.94","0.32","1","20","1000","10.503"
"4246","2025/12/28 8:33:03","2025-12-28 08:00","5","10","8.629","31.62","0.07","1","20","1000","9.906"
"4253","2025/12/28 8:33:34","2025-12-28 08:00","3","10","8.176","31.83","0.58","1","20","1000","10.184"
"4258","2025/12/28 8:34:03","2025-12-28 08:00","5","10","8.474","31.93","0.82","1","20","1000","9.987"
"4259","2025/12/28 8:34:04","2025-12-28 08:00","3","10","8.251","31.9","0.76","1","20","1000","10.48"
"4264","2025/12/28 8:34:33","2025-12-28 08:00","5","10","8.451","31.94","0.66","1","20","1000","10.569"
"4289","2025/12/28 8:36:34","2025-12-28 08:00","3","10","8.203","31.94","0.17","1","20","1000","9.611"
"4325","2025/12/28 8:39:34","2025-12-28 08:00","3","10","8.323","31.85","0.11","1","20","1000","10.493"
"4355","2025/12/28 8:42:04","2025-12-28 08:00","3","10","8.282","31.88","0.77","1","20","1000","9.804"
"4360","2025/12/28 8:42:33","2025-12-28 08:00","5","10","8.435","31.94","0.72","1","20","1000","9.491"
"4391","2025/12/28 8:45:04","2025-12-28 08:00","3","10","8.368","31.91","0.28","1","20","1000","10.445"
"4403","2025/12/28 8:46:04","2025-12-28 08:00","3","10","8.275","31.91","0.12","1","20","1000","9.705"
"4414","2025/12/28 8:47:03","2025-12-28 08:00","5","10","8.541","31.88","0.23","1","20","1000","9.983"
"4420","2025/12/28 8:47:33","2025-12-28 08:00","5","10","8.613","32.05","0.01","1","20","1000","10.276"
"4443","2025/12/28 8:49:33","2025-12-28 08:00","1","10","8.588","31.93","0.41","1","20","1000","10.869"
"4457","2025/12/28 8:50:34","2025-12-28 08:00","3","10","8.349","31.9","0.5","1","20","1000","10.882"
"4462","2025/12/28 8:51:03","2025-12-28 08:00","5","10","8.475","31.94","0.67","1","20","1000","9.887"
"4473","2025/12/28 8:52:03","2025-12-28 08:00","1","10","8.132","31.9","0.14","1","20","1000","9.531"
"4486","2025/12/28 8:53:03","2025-12-28 08:00","5","10","8.61","31.98","0.36","1","20","1000","10.08"
"4499","2025/12/28 8:54:04","2025-12-28 08:00","3","10","8.11","31.96","-0.01","1","20","1000","10.065"
"4517","2025/12/28 8:55:34","2025-12-28 08:00","3","10","8.249","31.89","0.43","1","20","1000","9.763"
"4535","2025/12/28 8:57:04","2025-12-28 08:00","3","10","8.329","31.91","0.56","1","20","1000","10.647"
"4553","2025/12/28 8:58:34","2025-12-28 08:00","3","10","8.287","31.96","0.26","1","20","1000","10.461"
"4558","2025/12/28 8:59:03","2025-12-28 08:00","5","10","8.787","31.92","0","1","20","1000","10.932"
"4570","2025/12/28 9:00:03","2025-12-28 09:00","5","10","8.657","31.89","0.61","1","20","1000","10.476"
"4588","2025/12/28 9:01:33","2025-12-28 09:00","5","10","8.659","31.95","-0.02","1","20","1000","10.727"
"4600","2025/12/28 9:02:33","2025-12-28 09:00","5","10","8.502","31.9","0.5","1","20","1000","9.967"
"4689","2025/12/28 9:10:03","2025-12-28 09:00","1","10","8.163","31.94","0.12","1","20","1000","10.631"
"4695","2025/12/28 9:10:33","2025-12-28 09:00","1","10","8.42","31.96","0.8","1","20","1000","11.281"
"4702","2025/12/28 9:11:03","2025-12-28 09:00","5","10","8.659","31.88","0.53","1","20","1000","10.308"
"4707","2025/12/28 9:11:33","2025-12-28 09:00","1","10","8.327","31.91","0.06","1","20","1000","10.664"
"4709","2025/12/28 9:11:34","2025-12-28 09:00","3","10","8.178","31.91","0.24","1","20","1000","10.026"
"4714","2025/12/28 9:12:03","2025-12-28 09:00","5","10","8.618","31.91","0.57","1","20","1000","10.311"
"4727","2025/12/28 9:13:04","2025-12-28 09:00","3","10","8.437","31.88","0.7","1","20","1000","10.174"
"4731","2025/12/28 9:13:33","2025-12-28 09:00","1","10","8.246","31.93","0.89","1","20","1000","10.339"
"4737","2025/12/28 9:14:03","2025-12-28 09:00","1","10","8.26","31.94","-0.06","1","20","1000","10.943"
"4739","2025/12/28 9:14:04","2025-12-28 09:00","3","10","8.166","31.93","0.07","1","20","1000","9.534"
"4757","2025/12/28 9:15:34","2025-12-28 09:00","3","10","8.178","31.9","0.37","1","20","1000","9.991"
"4779","2025/12/28 9:17:33","2025-12-28 09:00","1","10","8.258","31.97","-0.01","1","20","1000","10.892"
"4787","2025/12/28 9:18:04","2025-12-28 09:00","3","10","8.129","31.88","0.75","1","20","1000","9.972"
"4791","2025/12/28 9:18:33","2025-12-28 09:00","1","10","8.447","31.92","0.03","1","20","1000","11.191"
"4793","2025/12/28 9:18:34","2025-12-28 09:00","3","10","8.342","31.93","0.17","1","20","1000","10.252"
"4821","2025/12/28 9:21:03","2025-12-28 09:00","1","10","8.215","31.94","0.46","1","20","1000","10.483"
"4822","2025/12/28 9:21:03","2025-12-28 09:00","5","10","8.469","31.9","0.45","1","20","1000","10.35"
"4827","2025/12/28 9:21:33","2025-12-28 09:00","1","10","8.37","31.93","0.46","1","20","1000","10.5"
"4863","2025/12/28 9:24:33","2025-12-28 09:00","1","10","8.304","31.85","0.23","1","20","1000","10.66"
"4881","2025/12/28 9:26:03","2025-12-28 09:00","1","10","8.373","31.93","0.04","1","20","1000","10.039"
"4882","2025/12/28 9:26:03","2025-12-28 09:00","5","10","8.595","31.96","0.02","1","20","1000","9.858"
"4889","2025/12/28 9:26:34","2025-12-28 09:00","3","10","8.44","31.92","0.46","1","20","1000","10.055"
"4899","2025/12/28 9:27:33","2025-12-28 09:00","1","10","8.375","31.88","0.42","1","20","1000","10.538"
"4907","2025/12/28 9:28:04","2025-12-28 09:00","3","10","8.193","31.65","0.71","1","20","1000","9.257"
"4917","2025/12/28 9:29:03","2025-12-28 09:00","1","10","8.12","31.96","0.92","1","20","1000","10.721"
"4918","2025/12/28 9:29:03","2025-12-28 09:00","5","10","8.721","31.93","0.9","1","20","1000","10.244"
"4971","2025/12/28 9:33:33","2025-12-28 09:00","1","10","8.242","32.13","0.37","1","20","1000","10.29"
"4973","2025/12/28 9:33:34","2025-12-28 09:00","3","10","8.115","31.83","0.5","1","20","1000","9.479"
"4979","2025/12/28 9:34:04","2025-12-28 09:00","3","10","8.267","32.06","0.25","1","20","1000","9.682"
"4996","2025/12/28 9:35:33","2025-12-28 09:00","5","10","8.522","32.01","0.74","1","20","1000","9.414"
"5008","2025/12/28 9:36:33","2025-12-28 09:00","5","10","8.703","31.95","0.14","1","20","1000","10.125"
"5019","2025/12/28 9:37:33","2025-12-28 09:00","1","10","8.12","31.85","0.4","1","20","1000","10.528"
"5020","2025/12/28 9:37:33","2025-12-28 09:00","5","10","8.591","31.91","0.38","1","20","1000","10.865"
"5074","2025/12/28 9:42:03","2025-12-28 09:00","5","10","8.478","31.9","0.08","1","20","1000","9.874"
"5081","2025/12/28 9:42:34","2025-12-28 09:00","3","10","8.286","31.9","0.43","1","20","1000","9.981"
"5103","2025/12/28 9:44:33","2025-12-28 09:00","1","10","8.459","31.89","0.79","1","20","1000","11.021"
"5104","2025/12/28 9:44:33","2025-12-28 09:00","5","10","8.791","31.91","-0.02","1","20","1000","10.07"
"5134","2025/12/28 9:47:03","2025-12-28 09:00","5","10","8.656","31.9","0.16","1","20","1000","10.106"
"5135","2025/12/28 9:47:04","2025-12-28 09:00","3","10","8.249","31.95","0.35","1","20","1000","9.579"
"5170","2025/12/28 9:50:03","2025-12-28 09:00","5","10","8.632","31.94","0.42","1","20","1000","10.27"
"5176","2025/12/28 9:50:33","2025-12-28 09:00","5","10","8.646","31.98","0.36","1","20","1000","10.044"
"5205","2025/12/28 9:53:03","2025-12-28 09:00","1","10","8.281","31.02","0.82","1","20","1000","10.155"
"5218","2025/12/28 9:54:03","2025-12-28 09:00","5","10","8.664","31.91","0.5","1","20","1000","10.517"
"5224","2025/12/28 9:54:33","2025-12-28 09:00","5","10","8.515","31","0.6","1","20","1000","9.793"
"5241","2025/12/28 9:56:03","2025-12-28 09:00","1","10","8.359","31.9","0.06","1","20","1000","11.281"
"5243","2025/12/28 9:56:04","2025-12-28 09:00","3","10","8.163","31.84","0.24","1","20","1000","9.875"
"5266","2025/12/28 9:58:03","2025-12-28 09:00","5","10","8.637","31.91","0.87","1","20","1000","9.909"
"5284","2025/12/28 9:59:33","2025-12-28 09:00","5","10","8.716","31.84","0.13","1","20","1000","10.418"
"5285","2025/12/28 9:59:34","2025-12-28 09:00","3","10","8.282","31.93","0.07","1","20","1000","10.129"
"5297","2025/12/28 10:00:34","2025-12-28 10:00","3","10","8.177","31.92","0.44","1","20","1000","9.245"
"5301","2025/12/28 10:01:03","2025-12-28 10:00","1","10","8.144","31.93","-0.06","1","20","1000","10.635"
"5309","2025/12/28 10:01:34","2025-12-28 10:00","3","10","8.451","31.91","0.42","1","20","1000","10.937"
"5381","2025/12/28 10:07:34","2025-12-28 10:00","3","10","8.241","31.9","0","1","20","1000","9.724"
"5385","2025/12/28 10:08:03","2025-12-28 10:00","5","10","8.463","31.91","0.67","1","20","1000","10.032"
"5399","2025/12/28 10:09:04","2025-12-28 10:00","3","10","8.236","32.01","0","1","20","1000","10.998"
"5403","2025/12/28 10:09:33","2025-12-28 10:00","1","10","8.673","31.92","0.65","1","20","1000","10.361"
"5411","2025/12/28 10:10:04","2025-12-28 10:00","3","10","8.1","31.86","0.33","1","20","1000","10.142"
"5428","2025/12/28 10:11:33","2025-12-28 10:00","5","10","8.682","31.91","0.23","1","20","1000","9.864"
"5435","2025/12/28 10:12:04","2025-12-28 10:00","3","10","8.155","31.9","0.77","1","20","1000","9.261"
"5440","2025/12/28 10:12:33","2025-12-28 10:00","5","10","8.714","31.89","0.32","1","20","1000","10.997"
"5495","2025/12/28 10:17:04","2025-12-28 10:00","3","10","8.546","31.89","0.25","1","20","1000","10.348"
"5507","2025/12/28 10:18:04","2025-12-28 10:00","3","10","8.24","32.02","0.68","1","20","1000","9.676"
