SampleIndex,EpbCurrent
0,0
1,0
2,0
3,0
4,0
5,0
6,0
7,0
8,0
9,0
10,0
11,0
12,0
13,0
14,0
15,0
16,0
17,0
18,0
19,0
20,0
21,0
22,0
23,0
24,0
25,0
26,0
27,0
28,0
29,0
30,0
31,0
32,0
33,0
34,0
35,0
36,0
37,0
38,0
39,0
40,0
41,0
42,0
43,0
44,0
45,0
46,0
47,0
48,0
49,0
50,0
51,0
52,0
53,0
54,0
55,0
56,0
57,0
58,0
59,0.003
60,0.003
61,0.003
62,0.003
63,0.003
64,0.006
65,0.006
66,1.075
67,8.925
68,8.925
69,9.353
70,9.353
71,9.353
72,9.353
73,9.353
74,9.353
75,9.353
76,9.353
77,9.353
78,9.353
79,9.353
80,9.353
81,9.353
82,9.353
83,9.015
84,8.925
85,8.378
86,8.092
87,7.683
88,7.574
89,7.284
90,7.181
91,6.518
92,5.901
93,5.891
94,5.778
95,5.682
96,5.453
97,5.022
98,4.948
99,4.91
100,4.826
101,4.742
102,4.569
103,4.498
104,4.446
105,4.109
106,3.983
107,3.858
108,3.822
109,3.684
110,3.581
111,3.43
112,3.43
113,3.369
114,3.301
115,3.295
116,3.266
117,3.249
118,3.031
119,3.002
120,2.999
121,2.944
122,2.68
123,2.68
124,2.677
125,2.612
126,2.561
127,2.561
128,2.4
129,2.278
130,2.249
131,2.249
132,2.233
133,2.201
134,2.172
135,2.201
136,2.201
137,2.172
138,2.172
139,2.172
140,2.101
141,2.072
142,2.072
143,1.908
144,1.908
145,1.834
146,1.834
147,1.831
148,1.831
149,1.831
150,1.831
151,1.805
152,1.663
153,1.805
154,1.805
155,1.663
156,1.625
157,1.625
158,1.625
159,1.609
160,1.557
161,1.557
162,1.609
163,1.609
164,1.557
165,1.525
166,1.525
167,1.525
168,1.525
169,1.509
170,1.509
171,1.509
172,1.509
173,1.48
174,1.48
175,1.48
176,1.48
177,1.48
178,1.48
179,1.48
180,1.432
181,1.432
182,1.432
183,1.432
184,1.432
185,1.374
186,1.374
187,1.432
188,1.432
189,1.374
190,1.374
191,1.374
192,1.374
193,1.374
194,1.335
195,1.335
196,1.335
197,1.367
198,1.335
199,1.235
200,1.235
201,1.335
202,1.367
203,1.335
204,1.235
205,1.235
206,1.335
207,1.335
208,1.235
209,1.223
210,1.223
211,1.335
212,1.223
213,1.21
214,1.152
215,1.21
216,1.223
217,1.335
218,1.21
219,1.152
220,1.21
221,1.335
222,1.21
223,1.152
224,1.152
225,1.335
226,1.367
227,1.335
228,1.152
229,1.152
230,1.335
231,1.39
232,1.335
233,1.245
234,1.245
235,1.3
236,1.335
237,1.3
238,1.245
239,1.3
240,1.335
241,1.351
242,1.335
243,1.3
244,1.335
245,1.351
246,1.364
247,1.351
248,1.335
249,1.351
250,1.364
251,1.364
252,1.351
253,1.313
254,1.351
255,1.364
256,1.351
257,1.319
258,1.313
259,1.319
260,1.351
261,1.351
262,1.319
263,1.313
264,1.319
265,1.351
266,1.351
267,1.319
268,1.313
269,1.319
270,1.351
271,1.319
272,1.313
273,1.309
274,1.313
275,1.319
276,1.319
277,1.313
278,1.309
279,1.313
280,1.319
281,1.313
282,1.309
283,1.306
284,1.309
285,1.319
286,1.309
287,1.306
288,1.306
289,1.306
290,1.309
291,1.309
292,1.306
293,1.306
294,1.306
295,1.309
296,1.306
297,1.306
298,1.284
299,1.306
300,1.309
301,1.306
302,1.306
303,1.284
304,1.306
305,1.306
306,1.306
307,1.306
308,1.284
309,1.306
310,1.306
311,1.306
312,1.3
313,1.3
314,1.306
315,1.306
316,1.306
317,1.3
318,1.297
319,1.3
320,1.306
321,1.306
322,1.3
323,1.297
324,1.3
325,1.306
326,1.3
327,1.3
328,1.3
329,1.3
330,1.306
331,1.306
332,1.3
333,1.3
334,1.3
335,1.306
336,1.306
337,1.3
338,1.3
339,1.3
340,1.306
341,1.306
342,1.3
343,1.3
344,1.306
345,1.316
346,1.316
347,1.306
348,1.306
349,1.316
350,1.322
351,1.322
352,1.316
353,1.306
354,1.316
355,1.322
356,1.316
357,1.309
358,1.309
359,1.316
360,1.322
361,1.316
362,1.316
363,1.316
364,1.316
365,1.322
366,1.322
367,1.316
368,1.316
369,1.316
370,1.316
371,1.316
372,1.316
373,1.309
374,1.316
375,1.322
376,1.322
377,1.316
378,1.309
379,1.316
380,1.329
381,1.329
382,1.316
383,1.309
384,1.309
385,1.316
386,1.316
387,1.309
388,1.28
389,1.316
390,1.329
391,1.329
392,1.316
393,1.28
394,1.28
395,1.329
396,1.329
397,1.28
398,1.268
399,1.268
400,1.28
401,1.329
402,1.268
403,1.242
404,1.268
405,1.348
406,1.348
407,1.268
408,1.242
409,1.242
410,1.268
411,1.268
412,1.268
413,1.242
414,1.242
415,1.268
416,1.306
417,1.268
418,1.242
419,1.268
420,1.28
421,1.28
422,1.268
423,1.242
424,1.242
425,1.268
426,1.28
427,1.28
428,1.268
429,1.216
430,1.28
431,1.306
432,1.28
433,1.216
434,1.239
435,1.28
436,1.28
437,1.239
438,1.216
439,1.216
440,1.239
441,1.28
442,1.28
443,1.239
444,1.136
445,1.239
446,1.28
447,1.239
448,1.136
449,1.194
450,1.239
451,1.239
452,1.194
453,1.174
454,1.174
455,1.194
456,1.239
457,1.239
458,1.194
459,1.174
460,1.194
461,1.239
462,1.194
463,1.174
464,1.174
465,1.194
466,1.194
467,1.194
468,1.174
469,1.174
470,1.194
471,1.21
472,1.21
473,1.194
474,1.174
475,1.194
476,1.21
477,1.194
478,1.174
479,1.174
480,1.194
481,1.21
482,1.2
483,1.174
484,1.152
485,1.2
486,1.21
487,1.21
488,1.2
489,1.152
490,1.2
491,1.21
492,1.2
493,1.152
494,1.152
495,1.2
496,1.21
497,1.21
498,1.2
499,1.113
500,1.2
501,1.219
502,1.219
503,1.2
504,1.113
505,1.2
506,1.219
507,1.2
508,1.113
509,1.113
510,1.2
511,1.219
512,1.219
513,1.2
514,1.087
515,1.219
516,1.219
517,1.219
518,1.219
519,1.087
520,1.219
521,1.219
522,1.219
523,1.126
524,1.126
525,1.219
526,1.219
527,1.219
528,1.219
529,1.126
530,1.219
531,1.252
532,1.252
533,1.219
534,1.126
535,1.219
536,1.252
537,1.219
538,1.139
539,1.139
540,1.219
541,1.252
542,1.235
543,1.219
544,1.139
545,1.235
546,1.252
547,1.252
548,1.235
549,1.139
550,1.235
551,1.252
552,1.235
553,1.139
554,1.139
555,1.235
556,1.252
557,1.252
558,1.235
559,1.139
560,1.235
561,1.287
562,1.287
563,1.235
564,1.139
565,1.235
566,1.287
567,1.235
568,1.168
569,1.168
570,1.235
571,1.287
572,1.287
573,1.235
574,1.168
575,1.287
576,1.319
577,1.319
578,1.287
579,1.168
580,1.287
581,1.319
582,1.287
583,1.206
584,1.206
585,1.287
586,1.319
587,1.287
588,1.271
589,1.206
590,1.271
591,1.319
592,1.319
593,1.271
594,1.206
595,1.271
596,1.319
597,1.271
598,1.21
599,1.21
600,1.271
601,1.319
602,1.313
603,1.271
604,1.21
605,1.271
606,1.313
607,1.313
608,1.271
609,1.21
610,1.271
611,1.313
612,1.271
613,1.213
614,1.213
615,1.271
616,1.313
617,1.313
618,1.271
619,1.213
620,1.313
621,1.348
622,1.348
623,1.313
624,1.213
625,1.313
626,1.348
627,1.313
628,1.252
629,1.252
630,1.313
631,1.348
632,1.348
633,1.313
634,1.252
635,1.348
636,1.377
637,1.377
638,1.348
639,1.252
640,1.348
641,1.377
642,1.348
643,1.29
644,1.29
645,1.348
646,1.377
647,1.367
648,1.348
649,1.29
650,1.367
651,1.377
652,1.377
653,1.367
654,1.29
655,1.367
656,1.377
657,1.367
658,1.293
659,1.293
660,1.367
661,1.377
662,1.377
663,1.367
664,1.293
665,1.367
666,1.409
667,1.409
668,1.367
669,1.293
670,1.367
671,1.409
672,1.367
673,1.297
674,1.297
675,1.367
676,1.409
677,1.409
678,1.367
679,1.297
680,1.409
681,1.416
682,1.416
683,1.409
684,1.297
685,1.409
686,1.416
687,1.409
688,1.326
689,1.326
690,1.409
691,1.416
692,1.416
693,1.409
694,1.326
695,1.416
696,1.422
697,1.422
698,1.416
699,1.326
700,1.416
701,1.422
702,1.416
703,1.335
704,1.335
705,1.416
706,1.422
707,1.422
708,1.416
709,1.335
710,1.345
711,1.422
712,1.422
713,1.345
714,1.335
715,1.345
716,1.422
717,1.345
718,1.335
719,1.335
720,1.345
721,1.422
722,1.422
723,1.345
724,1.335
725,1.335
726,1.345
727,1.345
728,1.335
729,1.335
730,1.335
731,1.345
732,1.345
733,1.335
734,1.335
735,1.345
736,1.364
737,1.364
738,1.345
739,1.335
740,1.335
741,1.345
742,1.364
743,1.335
744,1.297
745,1.335
746,1.364
747,1.364
748,1.335
749,1.297
750,1.364
751,1.383
752,1.383
753,1.364
754,1.297
755,1.297
756,1.364
757,1.383
758,1.364
759,1.184
760,1.364
761,1.383
762,1.383
763,1.364
764,1.184
765,1.364
766,1.383
767,1.383
768,1.364
769,1.184
770,1.184
771,1.364
772,1.383
773,1.364
774,1.184
775,1.354
776,1.364
777,1.364
778,1.354
779,1.184
780,1.3
781,1.354
782,1.354
783,1.3
784,1.184
785,1.184
786,1.3
787,1.354
788,1.3
789,1.149
790,1.28
791,1.3
792,1.3
793,1.28
794,1.149
795,1.248
796,1.28
797,1.28
798,1.248
799,1.149
800,1.149
801,1.248
802,1.28
803,1.248
804,1.078
805,1.223
806,1.248
807,1.248
808,1.223
809,1.094
810,1.19
811,1.223
812,1.223
813,1.19
814,1.094
815,1.094
816,1.19
817,1.223
818,1.19
819,1.094
820,1.174
821,1.19
822,1.19
823,1.174
824,1.107
825,1.152
826,1.174
827,1.174
828,1.152
829,1.107
830,1.107
831,1.152
832,1.174
833,1.152
834,1.107
835,1.152
836,1.174
837,1.174
838,1.152
839,1.123
840,1.123
841,1.152
842,1.152
843,1.123
844,1.12
845,1.12
846,1.123
847,1.152
848,1.123
849,1.12
850,1.12
851,1.123
852,1.123
853,1.123
854,1.12
855,1.12
856,1.123
857,1.123
858,1.123
859,1.12
860,1.12
861,1.123
862,1.126
863,1.123
864,1.12
865,1.12
866,1.123
867,1.123
868,1.123
869,1.12
870,1.12
871,1.12
872,1.126
873,1.126
874,1.12
875,1.12
876,1.126
877,1.145
878,1.126
879,1.12
880,1.12
881,1.126
882,1.145
883,1.145
884,1.126
885,1.104
886,1.126
887,1.155
888,1.155
889,1.126
890,1.104
891,1.155
892,1.168
893,1.155
894,1.113
895,1.113
896,1.155
897,1.168
898,1.168
899,1.155
900,1.113
901,1.155
902,1.168
903,1.168
904,1.155
905,1.113
906,1.168
907,1.203
908,1.168
909,1.165
910,1.165
911,1.168
912,1.203
913,1.203
914,1.168
915,1.165
916,1.168
917,1.203
918,1.203
919,1.168
920,1.165
921,1.203
922,1.213
923,1.203
924,1.181
925,1.181
926,1.203
927,1.213
928,1.213
929,1.203
930,1.181
931,1.203
932,1.213
933,1.213
934,1.203
935,1.181
936,1.213
937,1.226
938,1.213
939,1.21
940,1.21
941,1.213
942,1.226
943,1.226
944,1.213
945,1.21
946,1.213
947,1.226
948,1.226
949,1.213
950,1.21
951,1.226
952,1.255
953,1.255
954,1.226
955,1.226
956,1.255
957,1.255
958,1.255
959,1.255
960,1.226
961,1.255
962,1.255
963,1.255
964,1.255
965,1.255
966,1.255
967,1.271
968,1.271
969,1.255
970,1.255
971,1.271
972,1.271
973,1.271
974,1.271
975,1.255
976,1.271
977,1.271
978,1.271
979,1.271
980,1.271
981,1.271
982,1.287
983,1.277
984,1.271
985,1.271
986,1.277
987,1.287
988,1.287
989,1.277
990,1.271
991,1.277
992,1.287
993,1.287
994,1.277
995,1.277
996,1.287
997,1.306
998,1.3
999,1.287
1000,1.287
1001,1.3
1002,1.306
1003,1.306
1004,1.3
1005,1.287
1006,1.3
1007,1.306
1008,1.306
1009,1.3
1010,1.3
1011,1.306
1012,1.319
1013,1.316
1014,1.306
1015,1.306
1016,1.316
1017,1.319
1018,1.319
1019,1.316
1020,1.306
1021,1.316
1022,1.319
1023,1.319
1024,1.316
1025,1.316
1026,1.319
1027,1.332
1028,1.332
1029,1.319
1030,1.319
1031,1.332
1032,1.342
1033,1.342
1034,1.332
1035,1.319
1036,1.329
1037,1.332
1038,1.332
1039,1.329
1040,1.329
1041,1.332
1042,1.335
1043,1.332
1044,1.332
1045,1.332
1046,1.332
1047,1.335
1048,1.335
1049,1.332
1050,1.332
1051,1.332
1052,1.332
1053,1.332
1054,1.332
1055,1.329
1056,1.332
1057,1.335
1058,1.335
1059,1.332
1060,1.329
1061,1.332
1062,1.335
1063,1.335
1064,1.332
1065,1.329
1066,1.329
1067,1.332
1068,1.335
1069,1.332
1070,1.277
1071,1.332
1072,1.338
1073,1.338
1074,1.332
1075,1.277
1076,1.277
1077,1.338
1078,1.338
1079,1.293
1080,1.277
1081,1.277
1082,1.293
1083,1.338
1084,1.293
1085,1.277
1086,1.293
1087,1.342
1088,1.342
1089,1.293
1090,1.277
1091,1.277
1092,1.293
1093,1.293
1094,1.293
1095,1.277
1096,1.274
1097,1.293
1098,1.303
1099,1.293
1100,1.274
1101,1.277
1102,1.293
1103,1.293
1104,1.277
1105,1.274
1106,1.274
1107,1.277
1108,1.293
1109,1.293
1110,1.277
1111,1.206
1112,1.277
1113,1.303
1114,1.277
1115,1.206
1116,1.245
1117,1.277
1118,1.277
1119,1.245
1120,1.206
1121,1.206
1122,1.245
1123,1.277
1124,1.277
1125,1.245
1126,1.194
1127,1.245
1128,1.277
1129,1.245
1130,1.194
1131,1.194
1132,1.245
1133,1.245
1134,1.242
1135,1.194
1136,1.194
1137,1.242
1138,1.245
1139,1.245
1140,1.242
1141,1.194
1142,1.242
1143,1.245
1144,1.242
1145,1.194
1146,1.194
1147,1.242
1148,1.242
1149,1.242
1150,1.194
1151,1.184
1152,1.242
1153,1.268
1154,1.268
1155,1.242
1156,1.184
1157,1.242
1158,1.268
1159,1.242
1160,1.226
1161,1.226
1162,1.242
1163,1.268
1164,1.268
1165,1.242
1166,1.226
1167,1.268
1168,1.287
1169,1.287
1170,1.268
1171,1.226
1172,1.268
1173,1.287
1174,1.268
1175,1.226
1176,1.226
1177,1.268
1178,1.287
1179,1.287
1180,1.268
1181,1.226
1182,1.287
1183,1.319
1184,1.319
1185,1.287
1186,1.226
1187,1.287
1188,1.319
1189,1.287
1190,1.232
1191,1.232
1192,1.287
1193,1.319
1194,1.319
1195,1.287
1196,1.232
1197,1.319
1198,1.374
1199,1.374
1200,1.319
1201,1.232
1202,1.319
1203,1.377
1204,1.319
1205,1.284
1206,1.284
1207,1.319
1208,1.377
1209,1.377
1210,1.319
1211,1.284
1212,1.377
1213,1.393
1214,1.393
1215,1.377
1216,1.284
1217,1.377
1218,1.396
1219,1.377
1220,1.329
1221,1.329
1222,1.377
1223,1.396
1224,1.377
1225,1.367
1226,1.329
1227,1.367
1228,1.396
1229,1.396
1230,1.367
1231,1.329
1232,1.367
1233,1.396
1234,1.367
1235,1.332
1236,1.332
1237,1.367
1238,1.396
1239,1.396
1240,1.367
1241,1.332
1242,1.367
1243,1.422
1244,1.422
1245,1.367
1246,1.332
1247,1.367
1248,1.445
1249,1.367
1250,1.348
1251,1.348
1252,1.367
1253,1.445
1254,1.445
1255,1.367
1256,1.348
1257,1.445
1258,1.448
1259,1.448
1260,1.445
1261,1.348
1262,1.445
1263,1.454
1264,1.445
1265,1.348
1266,1.348
1267,1.445
1268,1.454
1269,1.445
1270,1.409
1271,1.348
1272,1.409
1273,1.435
1274,1.435
1275,1.409
1276,1.348
1277,1.409
1278,1.435
1279,1.409
1280,1.364
1281,1.364
1282,1.409
1283,1.435
1284,1.435
1285,1.409
1286,1.364
1287,1.371
1288,1.409
1289,1.409
1290,1.371
1291,1.364
1292,1.371
1293,1.409
1294,1.403
1295,1.371
1296,1.371
1297,1.403
1298,1.409
1299,1.409
1300,1.403
1301,1.371
1302,1.371
1303,1.403
1304,1.403
1305,1.371
1306,1.364
1307,1.371
1308,1.403
1309,1.396
1310,1.371
1311,1.371
1312,1.396
1313,1.403
1314,1.403
1315,1.396
1316,1.371
1317,1.371
1318,1.396
1319,1.403
1320,1.396
1321,1.319
1322,1.396
1323,1.403
1324,1.403
1325,1.396
1326,1.319
1327,1.396
1328,1.432
1329,1.432
1330,1.396
1331,1.319
1332,1.319
1333,1.396
1334,1.432
1335,1.396
1336,1.316
1337,1.396
1338,1.432
1339,1.409
1340,1.396
1341,1.316
1342,1.409
1343,1.412
1344,1.412
1345,1.409
1346,1.316
1347,1.316
1348,1.409
1349,1.412
1350,1.409
1351,1.245
1352,1.409
1353,1.412
1354,1.412
1355,1.409
1356,1.245
1357,1.342
1358,1.409
1359,1.409
1360,1.342
1361,1.245
1362,1.245
1363,1.342
1364,1.409
1365,1.342
1366,1.216
1367,1.335
1368,1.342
1369,1.342
1370,1.335
1371,1.216
1372,1.287
1373,1.335
1374,1.335
1375,1.287
1376,1.216
1377,1.216
1378,1.287
1379,1.335
1380,1.287
1381,1.152
1382,1.284
1383,1.287
1384,1.287
1385,1.284
1386,1.152
1387,1.213
1388,1.284
1389,1.284
1390,1.213
1391,1.152
1392,1.152
1393,1.213
1394,1.284
1395,1.213
1396,1.084
1397,1.213
1398,1.226
1399,1.226
1400,1.213
1401,1.11
1402,1.149
1403,1.213
1404,1.213
1405,1.149
1406,1.116
1407,1.116
1408,1.149
1409,1.213
1410,1.149
1411,1.116
1412,1.149
1413,1.165
1414,1.165
1415,1.152
1416,1.149
1417,1.149
1418,1.152
1419,1.152
1420,1.149
1421,1.145
1422,1.145
1423,1.149
1424,1.152
1425,1.149
1426,1.145
1427,1.145
1428,1.149
1429,1.149
1430,1.149
1431,1.145
1432,1.145
1433,1.149
1434,1.152
1435,1.152
1436,1.145
1437,1.145
1438,1.152
1439,1.165
1440,1.152
1441,1.145
1442,1.145
1443,1.152
1444,1.152
1445,1.152
1446,1.145
1447,1.142
1448,1.145
1449,1.178
1450,1.178
1451,1.145
1452,1.142
1453,1.178
1454,1.187
1455,1.178
1456,1.161
1457,1.161
1458,1.178
1459,1.187
1460,1.187
1461,1.178
1462,1.161
1463,1.178
1464,1.197
1465,1.197
1466,1.178
1467,1.161
1468,1.197
1469,1.21
1470,1.21
1471,1.197
1472,1.197
1473,1.21
1474,1.213
1475,1.213
1476,1.21
1477,1.197
1478,1.213
1479,1.232
1480,1.232
1481,1.213
1482,1.213
1483,1.232
1484,1.258
1485,1.235
1486,1.232
1487,1.232
1488,1.235
1489,1.258
1490,1.258
1491,1.235
1492,1.232
1493,1.235
1494,1.261
1495,1.252
1496,1.235
1497,1.235
1498,1.252
1499,1.261
1500,1.252
1501,1.242
1502,1.242
1503,1.252
1504,1.261
1505,1.261
1506,1.252
1507,1.242
1508,1.252
1509,1.261
1510,1.261
1511,1.252
1512,1.242
1513,1.252
1514,1.284
1515,1.284
1516,1.252
1517,1.252
1518,1.284
1519,1.3
1520,1.3
1521,1.284
1522,1.252
1523,1.284
1524,1.3
1525,1.3
1526,1.284
1527,1.284
1528,1.3
1529,1.303
1530,1.303
1531,1.3
1532,1.3
1533,1.303
1534,1.309
1535,1.309
1536,1.303
1537,1.3
1538,1.303
1539,1.309
1540,1.309
1541,1.303
1542,1.303
1543,1.309
1544,1.316
1545,1.316
1546,1.309
1547,1.309
1548,1.316
1549,1.316
1550,1.316
1551,1.316
1552,1.309
1553,1.316
1554,1.316
1555,1.316
1556,1.316
1557,1.316
1558,1.316
1559,1.329
1560,1.329
1561,1.316
1562,1.316
1563,1.329
1564,1.329
1565,1.329
1566,1.329
1567,1.316
1568,1.329
1569,1.329
1570,1.329
1571,1.329
1572,1.329
1573,1.329
1574,1.348
1575,1.348
1576,1.329
1577,1.329
1578,1.348
1579,1.348
1580,1.348
1581,1.348
1582,1.329
1583,1.329
1584,1.348
1585,1.348
1586,1.329
1587,1.329
1588,1.348
1589,1.348
1590,1.348
1591,1.348
1592,1.348
1593,1.348
1594,1.348
1595,1.348
1596,1.348
1597,1.306
1598,1.306
1599,1.348
1600,1.348
1601,1.306
1602,1.3
1603,1.306
1604,1.348
1605,1.348
1606,1.306
1607,1.3
1608,1.3
1609,1.306
1610,1.306
1611,1.306
1612,1.3
1613,1.3
1614,1.306
1615,1.326
1616,1.306
1617,1.3
1618,1.3
1619,1.306
1620,1.306
1621,1.3
1622,1.277
1623,1.277
1624,1.3
1625,1.306
1626,1.306
1627,1.277
1628,1.232
1629,1.277
1630,1.326
1631,1.277
1632,1.232
1633,1.232
1634,1.277
1635,1.277
1636,1.277
1637,1.232
1638,1.232
1639,1.277
1640,1.306
1641,1.306
1642,1.277
1643,1.232
1644,1.277
1645,1.306
1646,1.277
1647,1.232
1648,1.232
1649,1.277
1650,1.306
1651,1.29
1652,1.232
1653,1.194
1654,1.29
1655,1.306
1656,1.306
1657,1.29
1658,1.194
1659,1.29
1660,1.306
1661,1.29
1662,1.239
1663,1.239
1664,1.29
1665,1.306
1666,1.306
1667,1.29
1668,1.239
1669,1.29
1670,1.348
1671,1.348
1672,1.29
1673,1.239
1674,1.29
1675,1.348
1676,1.29
1677,1.29
1678,1.29
1679,1.29
1680,1.348
1681,1.348
1682,1.29
1683,1.29
1684,1.348
1685,1.387
1686,1.387
1687,1.348
1688,1.29
1689,1.348
1690,1.387
1691,1.348
1692,1.29
1693,1.29
1694,1.348
1695,1.387
1696,1.387
1697,1.348
1698,1.29
1699,1.387
1700,1.4
1701,1.4
1702,1.387
1703,1.29
1704,1.387
1705,1.4
1706,1.387
1707,1.319
1708,1.319
1709,1.387
1710,1.4
1711,1.4
1712,1.387
1713,1.319
1714,1.4
1715,1.438
1716,1.438
1717,1.4
1718,1.319
1719,1.4
1720,1.438
1721,1.4
1722,1.361
1723,1.361
1724,1.4
1725,1.438
1726,1.438
1727,1.4
1728,1.361
1729,1.438
1730,1.461
1731,1.461
1732,1.438
1733,1.361
1734,1.438
1735,1.47
1736,1.438
1737,1.377
1738,1.377
1739,1.438
1740,1.47
1741,1.47
1742,1.438
1743,1.377
1744,1.438
1745,1.47
1746,1.47
1747,1.438
1748,1.377
1749,1.438
1750,1.47
1751,1.438
1752,1.39
1753,1.39
1754,1.438
1755,1.47
1756,1.47
1757,1.438
1758,1.39
1759,1.39
1760,1.438
1761,1.438
1762,1.39
1763,1.377
1764,1.39
1765,1.438
1766,1.4
1767,1.39
1768,1.39
1769,1.4
1770,1.4
1771,1.4
1772,1.4
1773,1.39
1774,1.39
1775,1.4
1776,1.4
1777,1.39
1778,1.316
1779,1.39
1780,1.39
1781,1.39
1782,1.39
1783,1.316
1784,1.316
1785,1.39
1786,1.39
1787,1.316
1788,1.268
1789,1.268
1790,1.316
1791,1.39
1792,1.268
1793,1.152
1794,1.242
1795,1.268
1796,1.268
1797,1.242
1798,1.152
1799,1.152
1800,1.242
1801,1.242
1802,1.152
1803,1.145
1804,1.145
1805,1.152
1806,1.242
1807,1.145
1808,1.113
1809,1.116
1810,1.145
1811,1.145
1812,1.145
1813,1.116
1814,1.116
1815,1.145
1816,1.145
1817,1.145
1818,1.116
1819,1.116
1820,1.145
1821,1.165
1822,1.145
1823,1.12
1824,1.12
1825,1.145
1826,1.145
1827,1.145
1828,1.12
1829,1.12
1830,1.145
1831,1.165
1832,1.165
1833,1.12
1834,1.12
1835,1.165
1836,1.181
1837,1.165
1838,1.152
1839,1.152
1840,1.165
1841,1.181
1842,1.181
1843,1.165
1844,1.152
1845,1.181
1846,1.194
1847,1.194
1848,1.181
1849,1.152
1850,1.194
1851,1.206
1852,1.194
1853,1.19
1854,1.19
1855,1.194
1856,1.206
1857,1.206
1858,1.194
1859,1.19
1860,1.206
1861,1.213
1862,1.213
1863,1.206
1864,1.19
1865,1.213
1866,1.242
1867,1.242
1868,1.213
1869,1.213
1870,1.242
1871,1.242
1872,1.242
1873,1.242
1874,1.213
1875,1.242
1876,1.245
1877,1.245
1878,1.242
1879,1.242
1880,1.245
1881,1.264
1882,1.245
1883,1.245
1884,1.245
1885,1.245
1886,1.264
1887,1.264
1888,1.245
1889,1.245
1890,1.245
1891,1.277
1892,1.277
1893,1.245
1894,1.245
1895,1.277
1896,1.29
1897,1.29
1898,1.277
1899,1.277
1900,1.29
1901,1.29
1902,1.29
1903,1.29
1904,1.277
1905,1.29
1906,1.29
1907,1.29
1908,1.29
1909,1.29
1910,1.29
1911,1.335
1912,1.335
1913,1.29
1914,1.29
1915,1.335
1916,1.338
1917,1.338
1918,1.335
1919,1.29
1920,1.335
1921,1.338
1922,1.335
1923,1.335
1924,1.335
1925,1.335
1926,1.338
1927,1.338
1928,1.335
1929,1.335
1930,1.338
1931,1.358
1932,1.358
1933,1.338
1934,1.335
1935,1.335
1936,1.338
1937,1.338
1938,1.335
1939,1.335
1940,1.338
1941,1.358
1942,1.358
1943,1.338
1944,1.335
1945,1.335
1946,1.358
1947,1.358
1948,1.335
1949,1.309
1950,1.309
1951,1.335
1952,1.335
1953,1.309
1954,1.3
1955,1.309
1956,1.319
1957,1.319
1958,1.309
1959,1.3
1960,1.3
1961,1.309
1962,1.309
1963,1.309
1964,1.3
1965,1.28
1966,1.309
1967,1.319
1968,1.309
1969,1.28
1970,1.28
1971,1.309
1972,1.309
1973,1.28
1974,1.248
1975,1.248
1976,1.28
1977,1.309
1978,1.309
1979,1.248
1980,1.223
1981,1.248
1982,1.319
1983,1.248
1984,1.223
1985,1.223
1986,1.248
1987,1.248
1988,1.248
1989,1.223
1990,1.203
1991,1.248
1992,1.3
1993,1.3
1994,1.248
1995,1.203
1996,1.248
1997,1.3
1998,1.248
1999,1.229
2000,1.229
2001,1.248
2002,1.3
2003,1.3
2004,1.248
2005,1.229
2006,1.3
2007,1.335
2008,1.335
2009,1.3
2010,1.229
2011,1.3
2012,1.335
2013,1.3
2014,1.287
2015,1.287
2016,1.3
2017,1.335
2018,1.335
2019,1.3
2020,1.287
2021,1.335
2022,1.403
2023,1.403
2024,1.335
2025,1.287
2026,1.335
2027,1.403
2028,1.335
2029,1.316
2030,1.316
2031,1.335
2032,1.403
2033,1.403
2034,1.335
2035,1.316
2036,1.403
2037,1.406
2038,1.406
2039,1.403
2040,1.316
2041,1.403
2042,1.406
2043,1.403
2044,1.345
2045,1.345
2046,1.403
2047,1.406
2048,1.406
2049,1.403
2050,1.345
2051,1.428
2052,1.438
2053,1.438
2054,1.428
2055,1.345
2056,1.428
2057,1.438
2058,1.428
2059,1.345
2060,1.345
2061,1.428
2062,1.438
2063,1.438
2064,1.428
2065,1.345
2066,1.422
2067,1.438
2068,1.438
2069,1.422
2070,1.345
2071,1.422
2072,1.438
2073,1.422
2074,1.367
2075,1.367
2076,1.422
2077,1.438
2078,1.438
2079,1.422
2080,1.367
2081,1.416
2082,1.422
2083,1.422
2084,1.416
2085,1.367
2086,1.416
2087,1.422
2088,1.422
2089,1.416
2090,1.416
2091,1.422
2092,1.422
2093,1.422
2094,1.422
2095,1.416
2096,1.416
2097,1.422
2098,1.422
2099,1.416
2100,1.367
2101,1.416
2102,1.422
2103,1.422
2104,1.416
2105,1.416
2106,1.422
2107,1.422
2108,1.422
2109,1.422
2110,1.416
2111,1.416
2112,1.422
2113,1.422
2114,1.422
2115,1.313
2116,1.377
2117,1.422
2118,1.422
2119,1.377
2120,1.313
2121,1.313
2122,1.377
2123,1.377
2124,1.313
2125,1.303
2126,1.303
2127,1.313
2128,1.377
2129,1.303
2130,1.178
2131,1.29
2132,1.303
2133,1.303
2134,1.29
2135,1.178
2136,1.178
2137,1.29
2138,1.29
2139,1.178
2140,1.174
2141,1.174
2142,1.178
2143,1.29
2144,1.174
2145,1.132
2146,1.139
2147,1.174
2148,1.174
2149,1.142
2150,1.139
2151,1.139
2152,1.142
2153,1.142
2154,1.142
2155,1.139
2156,1.139
2157,1.142
2158,1.155
2159,1.142
2160,1.139
2161,1.139
2162,1.142
2163,1.142
2164,1.142
2165,1.139
2166,1.139
2167,1.142
2168,1.142
2169,1.142
2170,1.139
2171,1.139
2172,1.142
2173,1.155
2174,1.149
2175,1.142
2176,1.142
2177,1.149
2178,1.155
2179,1.155
2180,1.149
2181,1.149
2182,1.155
2183,1.184
2184,1.184
2185,1.155
2186,1.149
2187,1.184
2188,1.21
2189,1.187
2190,1.184
2191,1.184
2192,1.187
2193,1.21
2194,1.21
2195,1.187
2196,1.184
2197,1.187
2198,1.21
2199,1.21
2200,1.187
2201,1.187
2202,1.21
2203,1.223
2204,1.219
2205,1.21
2206,1.21
2207,1.219
2208,1.223
2209,1.223
2210,1.219
2211,1.21
2212,1.219
2213,1.245
2214,1.245
2215,1.219
2216,1.219
2217,1.245
2218,1.268
2219,1.245
2220,1.229
2221,1.229
2222,1.245
2223,1.268
2224,1.252
2225,1.245
2226,1.229
2227,1.245
2228,1.252
2229,1.252
2230,1.245
2231,1.229
2232,1.252
2233,1.261
2234,1.252
2235,1.229
2236,1.252
2237,1.261
2238,1.274
2239,1.261
2240,1.252
2241,1.252
2242,1.261
2243,1.274
2244,1.261
2245,1.252
2246,1.252
2247,1.261
2248,1.57
2249,1.261
2250,1.261
2251,1.483
2252,1.57
2253,1.57
2254,1.483
2255,1.483
2256,1.57
2257,1.57
2258,1.57
2259,1.57
2260,1.57
2261,1.647
2262,1.647
2263,1.647
2264,1.647
2265,1.647
2266,1.663
2267,1.663
2268,1.663
2269,1.663
2270,1.67
2271,1.67
2272,1.721
2273,1.721
2274,1.724
2275,1.724
2276,1.724
2277,1.776
2278,1.776
2279,1.786
2280,1.786
2281,1.811
2282,1.818
2283,1.811
2284,1.811
2285,1.818
2286,1.834
2287,1.834
2288,1.818
2289,1.834
2290,1.93
2291,1.934
2292,1.93
2293,1.934
2294,2.043
2295,2.056
2296,2.043
2297,2.056
2298,2.149
2299,2.149
2300,2.149
2301,2.149
2302,2.175
2303,2.197
2304,2.197
2305,2.197
2306,2.197
2307,2.197
2308,2.197
2309,2.197
2310,2.271
2311,2.271
2312,2.313
2313,2.313
2314,2.271
2315,2.271
2316,2.313
2317,2.313
2318,2.271
2319,2.271
2320,2.313
2321,2.313
2322,2.271
2323,2.313
2324,2.477
2325,2.313
2326,2.271
2327,2.271
2328,2.477
2329,2.271
2330,2.271
2331,2.477
2332,2.548
2333,2.477
2334,2.477
2335,2.555
2336,2.555
2337,2.555
2338,2.555
2339,2.555
2340,2.555
2341,2.593
2342,2.712
2343,2.712
2344,2.725
2345,2.725
2346,2.725
2347,2.764
2348,2.764
2349,2.793
2350,2.793
2351,2.841
2352,2.841
2353,2.841
2354,2.931
2355,3.089
2356,2.931
2357,3.114
2358,3.15
2359,3.114
2360,3.15
2361,3.15
2362,3.15
2363,3.15
2364,3.15
2365,3.15
2366,3.15
2367,3.15
2368,3.15
2369,3.15
2370,3.15
2371,3.172
2372,3.172
2373,3.172
2374,3.175
2375,3.175
2376,3.175
2377,3.175
2378,3.175
2379,3.23
2380,3.23
2381,3.23
2382,3.465
2383,3.465
2384,3.465
2385,3.629
2386,3.629
2387,3.629
2388,3.687
2389,3.693
2390,3.687
2391,3.693
2392,3.719
2393,3.693
2394,3.719
2395,3.87
2396,3.719
2397,3.954
2398,4.012
2399,3.954
2400,4.012
2401,4.054
2402,4.012
2403,4.054
2404,4.054
2405,4.012
2406,4.054
2407,4.067
2408,4.054
2409,4.067
2410,4.067
2411,4.067
2412,4.086
2413,4.086
2414,4.086
2415,4.089
2416,4.089
2417,4.089
2418,4.147
2419,4.147
2420,4.147
2421,4.147
2422,4.147
2423,4.147
2424,4.131
2425,4.263
2426,4.263
2427,4.263
2428,4.276
2429,4.276
2430,4.263
2431,4.314
2432,4.263
2433,4.314
2434,4.324
2435,4.314
2436,4.324
2437,4.324
2438,4.324
2439,4.324
2440,4.43
2441,4.43
2442,4.533
2443,4.533
2444,4.533
2445,4.662
2446,4.662
2447,4.662
2448,4.662
2449,4.662
2450,4.694
2451,4.694
2452,4.694
2453,4.7
2454,4.752
2455,4.752
2456,4.752
2457,4.89
2458,4.89
2459,4.89
2460,4.89
2461,4.89
2462,4.894
2463,4.894
2464,4.894
2465,5.045
2466,4.894
2467,5.045
2468,5.045
2469,5.045
2470,5.074
2471,5.045
2472,5.074
2473,5.151
2474,5.074
2475,5.17
2476,5.074
2477,5.17
2478,5.215
2479,5.17
2480,5.215
2481,5.215
2482,5.215
2483,5.283
2484,5.215
2485,5.283
2486,5.283
2487,5.283
2488,5.338
2489,5.338
2490,5.431
2491,5.431
2492,5.431
2493,5.431
2494,5.45
2495,5.518
2496,5.518
2497,5.518
2498,5.518
2499,5.54
2500,5.54
2501,5.55
2502,5.55
2503,5.55
2504,5.592
2505,5.55
2506,5.592
2507,5.592
2508,5.595
2509,5.617
2510,5.595
2511,5.63
2512,5.595
2513,5.63
2514,5.65
2515,5.653
2516,5.81
2517,5.653
2518,5.81
2519,5.653
2520,5.81
2521,5.82
2522,5.81
2523,5.82
2524,5.81
2525,5.82
2526,5.82
2527,5.82
2528,5.868
2529,5.868
2530,5.881
2531,5.868
2532,5.881
2533,5.881
2534,5.881
2535,5.881
2536,5.881
2537,6.029
2538,6.029
2539,6.071
2540,6.071
2541,6.071
2542,6.071
2543,6.071
2544,6.071
2545,6.11
2546,6.123
2547,6.19
2548,6.19
2549,6.19
2550,6.19
2551,6.19
2552,6.309
2553,6.309
2554,6.309
2555,6.309
2556,6.309
2557,6.309
2558,6.309
2559,6.309
2560,6.309
2561,6.361
2562,6.309
2563,6.361
2564,6.309
2565,6.361
2566,6.309
2567,6.361
2568,6.38
2569,6.383
2570,6.393
2571,6.393
2572,6.402
2573,6.393
2574,6.402
2575,6.393
2576,6.402
2577,6.402
2578,6.538
2579,6.538
2580,6.538
2581,6.538
2582,6.538
2583,6.547
2584,6.547
2585,6.595
2586,6.595
2587,6.65
2588,6.65
2589,6.663
2590,6.663
2591,6.663
2592,6.663
2593,6.663
2594,6.663
2595,6.663
2596,6.663
2597,6.663
2598,6.663
2599,6.695
2600,6.695
2601,6.843
2602,6.695
2603,6.843
2604,6.843
2605,6.927
2606,6.927
2607,6.946
2608,6.946
2609,7.027
2610,7.027
2611,7.027
2612,7.027
2613,7.027
2614,7.059
2615,7.059
2616,7.11
2617,7.059
2618,7.11
2619,7.059
2620,7.11
2621,7.059
2622,7.11
2623,7.059
2624,7.11
2625,7.059
2626,7.11
2627,7.059
2628,7.11
2629,7.059
2630,7.11
2631,7.059
2632,7.11
2633,7.11
2634,7.13
2635,7.13
2636,7.155
2637,7.13
2638,7.13
2639,7.027
2640,7.027
2641,6.994
2642,6.994
2643,6.949
2644,6.949
2645,6.949
2646,6.949
2647,6.949
2648,6.949
2649,6.949
2650,6.949
2651,7.039
2652,7.039
2653,7.171
2654,7.171
2655,7.284
2656,7.284
2657,7.284
2658,7.284
2659,7.345
2660,7.345
2661,7.368
2662,7.368
2663,7.506
2664,7.506
2665,7.702
2666,7.702
2667,7.779
2668,7.779
2669,7.779
2670,7.779
2671,7.779
2672,7.751
2673,7.779
2674,7.751
2675,7.779
2676,7.751
2677,7.779
2678,7.751
2679,7.779
2680,7.751
2681,7.779
2682,7.751
2683,7.779
2684,7.751
2685,7.779
2686,7.751
2687,7.779
2688,7.779
2689,7.889
2690,7.889
2691,7.931
2692,7.931
2693,7.992
2694,7.992
2695,7.992
2696,7.992
2697,7.992
2698,7.992
2699,7.992
2700,7.992
2701,7.992
2702,8.079
2703,8.114
2704,8.236
2705,8.236
2706,8.252
2707,8.252
2708,8.252
2709,8.252
2710,8.252
2711,8.252
2712,8.252
2713,8.252
2714,8.252
2715,8.252
2716,8.359
2717,8.359
2718,8.439
2719,8.359
2720,8.439
2721,8.359
2722,8.439
2723,8.439
2724,8.439
2725,8.439
2726,8.439
2727,8.439
2728,8.439
2729,8.458
2730,8.439
2731,8.458
2732,8.439
2733,8.458
2734,8.439
2735,8.458
2736,8.452
2737,8.452
2738,8.458
2739,8.452
2740,8.458
2741,8.452
2742,8.458
2743,8.458
2744,8.564
2745,8.564
2746,8.571
2747,8.571
2748,8.571
2749,8.693
2750,8.571
2751,8.693
2752,8.571
2753,8.693
2754,8.693
2755,8.748
2756,8.748
2757,8.748
2758,8.748
2759,8.748
2760,8.751
2761,8.748
2762,8.751
2763,8.751
2764,8.751
2765,8.751
2766,8.751
2767,8.751
2768,8.751
2769,9.028
2770,9.028
2771,9.028
2772,9.028
2773,9.028
2774,9.028
2775,9.028
2776,9.028
2777,9.07
2778,9.07
2779,9.07
2780,9.07
2781,9.07
2782,9.07
2783,9.07
2784,9.073
2785,9.07
2786,9.073
2787,9.169
2788,9.169
2789,9.427
2790,9.169
2791,9.427
2792,9.169
2793,9.427
2794,9.427
2795,9.427
2796,9.559
2797,9.427
2798,9.559
2799,9.427
2800,9.559
2801,9.565
2802,9.565
2803,9.652
2804,9.565
2805,9.652
2806,9.565
2807,9.565
2808,9.652
2809,9.559
2810,9.652
2811,9.559
2812,9.652
2813,9.652
2814,9.652
2815,9.761
2816,9.652
2817,9.761
2818,9.761
2819,9.761
2820,9.761
2821,9.652
2822,9.652
2823,9.652
2824,9.652
2825,9.652
2826,9.652
2827,9.761
2828,9.761
2829,9.761
2830,9.761
2831,9.761
2832,9.761
2833,9.761
2834,9.761
2835,9.761
2836,9.97
2837,9.761
2838,9.97
2839,9.97
2840,9.97
2841,10.003
2842,9.97
2843,10.003
2844,10.003
2845,10.003
2846,10.038
2847,10.003
2848,10.038
2849,10.205
2850,10.003
2851,10.205
2852,10.003
2853,10.205
2854,10.579
2855,10.205
2856,10.579
2857,10.205
2858,10.579
2859,10.585
2860,10.579
2861,10.585
2862,10.579
2863,10.579
2864,10.585
2865,10.579
2866,10.585
2867,10.585
2868,10.585
2869,10.81
2870,10.81
2871,10.81
2872,10.81
2873,10.585
2874,10.81
2875,10.81
2876,10.81
2877,11.029
2878,11.029
2879,11.029
2880,11.029
2881,11.048
2882,11.048
2883,11.048
2884,11.048
2885,11.048
2886,11.048
2887,11.048
2888,11.048
2889,11.048
2890,11.048
2891,11.048
2892,11.048
2893,11.029
2894,11.048
2895,11.048
2896,11.048
2897,11.074
2898,11.074
2899,11.074
2900,11.296
2901,11.074
2902,11.074
2903,11.074
2904,11.048
2905,11.074
2906,11.074
2907,11.074
2908,11.296
2909,11.074
2910,11.074
2911,11.296
2912,11.074
2913,11.074
2914,11.296
2915,11.074
2916,11.296
2917,11.296
2918,10.784
2919,11.296
2920,10.784
2921,11.206
2922,11.296
2923,11.206
2924,11.296
2925,11.55
2926,11.296
2927,11.55
2928,11.55
2929,11.296
2930,11.55
2931,11.55
2932,11.55
2933,11.788
2934,11.55
2935,11.55
2936,11.788
2937,11.55
2938,11.55
2939,11.788
2940,11.206
2941,11.389
2942,11.389
2943,11.206
2944,11.389
2945,11.389
2946,11.206
2947,11.389
2948,11.389
2949,11.389
2950,11.492
2951,11.492
2952,11.492
2953,11.788
2954,11.788
2955,11.788
2956,11.914
2957,11.914
2958,11.914
2959,11.914
2960,11.914
2961,11.914
2962,11.914
2963,11.914
2964,11.914
2965,11.914
2966,12.03
2967,12.03
2968,12.03
2969,12.042
2970,12.042
2971,12.042
2972,12.322
2973,12.322
2974,12.322
2975,12.416
2976,12.416
2977,12.416
2978,12.483
2979,12.483
2980,12.477
2981,12.483
2982,12.483
2983,12.483
2984,12.493
2985,12.493
2986,12.483
2987,12.493
2988,12.493
2989,12.483
2990,12.493
2991,12.493
2992,12.477
2993,12.493
2994,12.477
2995,12.322
2996,12.477
2997,12.322
2998,12.104
2999,12.322
3000,12.104
3001,11.782
3002,12.104
3003,12.104
3004,11.782
3005,12.104
3006,12.104
3007,11.782
3008,12.104
3009,12.104
3010,11.782
3011,12.104
3012,12.104
3013,11.782
3014,12.104
3015,12.104
3016,11.782
3017,12.104
3018,12.831
3019,11.782
3020,12.631
3021,12.831
3022,12.631
3023,12.631
3024,12.831
3025,12.631
3026,12.631
3027,12.831
3028,12.831
3029,12.831
3030,13.02
3031,13.02
3032,13.02
3033,13.271
3034,13.271
3035,13.02
3036,13.046
3037,13.046
3038,13.02
3039,13.02
3040,13.02
3041,12.831
3042,12.831
3043,12.831
3044,12.744
3045,12.744
3046,12.744
3047,12.744
3048,12.744
3049,12.744
3050,12.744
3051,12.744
3052,13.011
3053,13.011
3054,13.011
3055,13.011
3056,13.011
3057,13.011
3058,13.011
3059,13.011
3060,13.011
3061,13.011
3062,13.011
3063,13.011
3064,13.011
3065,12.744
3066,12.744
3067,13.011
3068,12.744
3069,12.744
3070,12.744
3071,12.618
3072,12.618
3073,13.011
3074,13.011
3075,13.011
3076,13.136
3077,13.136
3078,13.011
3079,13.011
3080,13.136
3081,13.011
3082,13.011
3083,13.136
3084,13.136
3085,13.037
3086,13.136
3087,13.136
3088,13.037
3089,13.136
3090,13.136
3091,13.037
3092,13.037
3093,13.136
3094,13.037
3095,13.037
3096,13.136
3097,13.136
3098,13.037
3099,13.037
3100,13.271
3101,13.037
3102,13.271
3103,13.403
3104,13.271
3105,13.037
3106,13.271
3107,13.271
3108,13.037
3109,13.271
3110,13.899
3111,13.271
3112,13.271
3113,13.699
3114,13.271
3115,13.037
3116,13.271
3117,13.271
3118,13.104
3119,13.271
3120,13.699
3121,13.271
3122,13.271
3123,13.699
3124,13.271
3125,13.104
3126,13.271
3127,13.699
3128,13.104
3129,13.487
3130,13.699
3131,13.487
3132,13.104
3133,13.487
3134,13.487
3135,13.104
3136,13.487
3137,13.635
3138,13.487
3139,13.104
3140,13.487
3141,13.487
3142,13.104
3143,13.271
3144,13.271
3145,13.104
3146,13.104
3147,13.271
3148,13.271
3149,13.271
3150,13.271
3151,13.271
3152,13.271
3153,13.271
3154,13.487
3155,13.487
3156,13.635
3157,13.635
3158,13.635
3159,13.635
3160,13.635
3161,13.95
3162,13.95
3163,14.085
3164,14.085
3165,14.085
3166,14.085
3167,14.085
3168,14.085
3169,14.085
3170,14.172
3171,14.172
3172,14.085
3173,14.085
3174,14.172
3175,14.172
3176,14.172
3177,14.365
3178,14.397
3179,14.397
3180,14.397
3181,14.491
3182,14.491
3183,14.397
3184,14.397
3185,14.491
3186,14.491
3187,14.397
3188,14.491
3189,15.099
3190,14.491
3191,14.397
3192,14.491
3193,15.099
3194,14.491
3195,14.397
3196,14.491
3197,14.465
3198,14.397
3199,14.397
3200,14.397
3201,14.378
3202,13.847
3203,13.847
3204,13.847
3205,13.622
3206,13.439
3207,13.439
3208,13.435
3209,13.423
3210,13.371
3211,13.265
3212,13.191
3213,13.139
3214,11.759
3215,1.824
3216,0.035
3217,0.003
3218,0.003
3219,0.003
3220,0.003
3221,0.003
3222,0.003
3223,0
3224,0
3225,0
3226,0
3227,0
3228,0
3229,0
3230,0
3231,0
3232,0
3233,0
3234,0
3235,0
3236,0
3237,0
3238,0
3239,0
3240,0
3241,0
3242,0
3243,0
3244,0
3245,0
3246,0
3247,0
3248,0
3249,0
3250,0
3251,0
3252,0
3253,0
3254,0
3255,0
3256,0
3257,0
3258,0
3259,0
3260,0
3261,0
3262,0
3263,0
3264,0
3265,0
3266,0
3267,0
3268,0
3269,0
3270,0
3271,0
3272,0
3273,0
3274,0
3275,0
3276,0
3277,0
3278,0
3279,0
3280,0
3281,0
3282,0
3283,0
3284,0
3285,0
3286,0
3287,0
3288,0
3289,0
3290,0
3291,0
3292,0
3293,0
3294,0
3295,0
3296,0
3297,0
3298,0
3299,0
3300,0
3301,0
3302,0
3303,0
3304,0
3305,0
3306,0
3307,0
3308,0
3309,0
3310,0
3311,0
3312,0
3313,0
3314,0
3315,0
3316,0
3317,0
3318,0
3319,0
3320,0
3321,0
3322,0
3323,0
3324,0
3325,0
3326,0
3327,0
3328,0
3329,0
3330,0
3331,0
3332,0
3333,0
3334,0
3335,0
3336,0
3337,0
3338,0
3339,0
3340,0
3341,0
3342,0
3343,0
3344,0
3345,0
3346,0
3347,0
3348,0
3349,0
3350,0
3351,0
3352,0
3353,0
3354,0
3355,0
3356,0
3357,0
3358,0
3359,0
3360,0
3361,0
3362,0
3363,0
3364,0
3365,0
3366,0
3367,0
3368,0
3369,0
3370,0
3371,0
3372,0
3373,0
3374,0
3375,0
3376,0
3377,0
3378,0
3379,0
3380,0
3381,0
3382,0
3383,0
3384,0
3385,0
3386,0
3387,0
3388,0
3389,0
3390,0
3391,0
3392,0
3393,0
3394,0
3395,0
3396,0
3397,0
3398,0
3399,0
3400,0
3401,0
3402,0
3403,0
3404,0
3405,0
3406,0
3407,0
3408,0
3409,0
3410,0
3411,0
3412,0
3413,0
3414,0
3415,0
3416,0
3417,0
3418,0
3419,0
3420,0
3421,0
3422,0
3423,0
3424,0
3425,0
3426,0
3427,0
3428,0
3429,0
3430,0
3431,0
3432,0
3433,0
3434,0
3435,0
3436,0
3437,0
3438,0
3439,0
3440,0
3441,0
3442,0
3443,0
3444,0
3445,0
3446,0
3447,0
3448,0
3449,0
3450,0
3451,0
3452,0
3453,0
3454,0
3455,0
3456,0
3457,0
3458,0
3459,0
3460,0
3461,0
3462,0
3463,0
3464,0
3465,0
3466,0
3467,0
3468,0
3469,0
3470,0
3471,0
3472,0
3473,0
3474,0
3475,0
3476,0
3477,0
3478,0
3479,0
3480,0
3481,0
3482,0
3483,0
3484,0
3485,0
3486,0
3487,0
3488,0
3489,0
3490,0
3491,0
3492,0
3493,0
3494,0
3495,0
3496,0
3497,0
3498,0
3499,0
3500,0
3501,0
3502,0
3503,0
3504,0
3505,0
3506,0
3507,0
3508,0
3509,0
3510,0
3511,0
3512,0
3513,0
3514,0
3515,0
3516,0
3517,0
3518,0
3519,0
3520,0
3521,0
3522,0
3523,0
3524,0
3525,0
3526,0
3527,0
3528,0
3529,0
3530,0
3531,0
3532,0
3533,0
3534,0
3535,0
3536,0
3537,0
3538,0
3539,0
3540,0
3541,0
3542,0
3543,0
3544,0
3545,0
3546,0
3547,0
3548,0
3549,0
3550,0
3551,0
3552,0
3553,0
3554,0
3555,0
3556,0
3557,0
3558,0
3559,0
3560,0
3561,0
3562,0
3563,0
3564,0
3565,0
3566,0
3567,0
3568,0
3569,0
3570,0
3571,0
3572,0
3573,0
3574,0
3575,0
3576,0
3577,0
3578,0
3579,0
3580,0
3581,0
3582,0
3583,0
3584,0
3585,0
3586,0
3587,0
3588,0
3589,0
3590,0
3591,0
3592,0
3593,0
3594,0
3595,0
3596,0
3597,0
3598,0
3599,0
3600,0
3601,0
3602,0
3603,0
3604,0
3605,0
3606,0
3607,0
3608,0
3609,0
3610,0
3611,0
3612,0
3613,0
3614,0
3615,0
3616,0
3617,0
3618,0
3619,0
3620,0
3621,0
3622,0
3623,0
3624,0
3625,0
3626,0
3627,0
3628,0
3629,0
3630,0
3631,0
3632,0
3633,0
3634,0
3635,0
3636,0
3637,0
3638,0
3639,0
3640,0
3641,0
3642,0
3643,0
3644,0
3645,0
3646,0
3647,0
3648,0
3649,0
3650,0
3651,0
3652,0
3653,0
3654,0
3655,0
3656,0
3657,0
3658,0
3659,0
3660,0
3661,0
3662,0
3663,0
3664,0
3665,0
3666,0
3667,0
3668,0
3669,0
3670,0
3671,0
3672,0
3673,0
3674,0
3675,0
3676,0
3677,0
3678,0
3679,0
3680,0
3681,0
3682,0
3683,0
3684,0
3685,0
3686,0
3687,0
3688,0.003
3689,0.003
3690,0
3691,0
3692,0
3693,0
3694,0
3695,0
3696,0
3697,0
3698,0
3699,0
3700,0
3701,0
3702,0
3703,0
3704,0
3705,0
3706,0
3707,0
3708,0
3709,0
3710,0
3711,0
3712,0
3713,0
3714,0
3715,0
3716,0
3717,0
3718,0
3719,0
3720,0
3721,0
3722,0
3723,0
3724,0
3725,0
3726,0
3727,0
3728,0
3729,0
3730,0
3731,0
3732,0
3733,0
3734,0
3735,0
3736,0
3737,0
3738,0
3739,0
3740,0
3741,0
3742,0
3743,0
3744,0
3745,0
3746,0
3747,0
3748,0
3749,0
3750,0
3751,0
3752,0
3753,0
3754,0
3755,0
3756,0
3757,0
3758,0
3759,0
3760,0
3761,0
3762,0
3763,0
3764,0
3765,0
3766,0
3767,0
3768,0
3769,0
3770,0
3771,0
3772,0
3773,0
3774,0
3775,0
3776,0
3777,0
3778,0
3779,0
3780,0
3781,0
3782,0
3783,0
3784,0
3785,0
3786,0
3787,0
3788,0
3789,0
3790,0
3791,0
3792,0
3793,0
3794,0
3795,0
3796,0
3797,0
3798,0
3799,0
3800,0
3801,0
3802,0
3803,0
3804,0
3805,0
3806,0
3807,0
3808,0
3809,0
3810,0
3811,0
3812,0
3813,0
3814,0
3815,0
3816,0
3817,0
3818,0
3819,0
3820,0
3821,0
3822,0
3823,0
3824,0
3825,0
3826,0
3827,0
3828,0
3829,0
3830,0
3831,0
3832,0
3833,0
3834,0
3835,0
3836,0
3837,0
3838,0
3839,0
3840,0
3841,0
3842,0
3843,0
3844,0
3845,0
3846,0
3847,0.003
3848,0.003
3849,0.003
3850,0.003
3851,0.003
3852,0.003
3853,0.003
3854,0.003
3855,0.003
3856,0.003
3857,0.003
3858,0
3859,0
3860,0
3861,0
3862,0
3863,0
3864,0
3865,0
3866,0
3867,0
3868,0
3869,0
3870,0
3871,0
3872,0
3873,0
3874,0
3875,0
3876,0
3877,0
3878,0
3879,0
3880,0
3881,0
3882,0
3883,0
3884,0
3885,0
3886,0
3887,0
3888,0
3889,0
3890,0
3891,0
3892,0
3893,0
3894,0
3895,0
3896,0
3897,0
3898,0
3899,0
3900,0
3901,0
3902,0
3903,0
3904,0
3905,0
3906,0
3907,0
3908,0
3909,0
3910,0
3911,0
3912,0
3913,0
3914,0
3915,0
3916,0
3917,0
3918,0
3919,0
3920,0
3921,0
3922,0
3923,0
3924,0
3925,0
3926,0
3927,0
3928,0
3929,0
3930,0
3931,0
3932,0
3933,0
3934,0
3935,0
3936,0
3937,0
3938,0
3939,0
3940,0
3941,0
3942,0
3943,0
3944,0
3945,0
3946,0
3947,0
3948,0
3949,0
3950,0
3951,0
3952,0
3953,0
3954,0
3955,0
3956,0
3957,0
3958,0
3959,0
3960,0
3961,0
3962,0
3963,0
3964,0
3965,0
3966,0
3967,0
3968,0
3969,0
3970,0
3971,0
3972,0
3973,0
3974,0
3975,0
3976,0
3977,0
3978,0
3979,0
3980,0
3981,0
3982,0
3983,0
3984,0
3985,0
3986,0
3987,0
3988,0
3989,0
3990,0
3991,0
3992,0
3993,0
3994,0
3995,0
3996,0
3997,0
3998,0
3999,0
4000,0
4001,0
4002,0.003
4003,0.003
4004,0
4005,0
4006,0
4007,0
4008,0
4009,0
4010,0
4011,0
4012,0
4013,0
4014,0
4015,0
4016,0
4017,0
4018,0
4019,0
4020,0
4021,0
4022,0
4023,0
4024,0
4025,0
4026,0
4027,0
4028,0
4029,0
4030,0.003
4031,0.003
4032,0
4033,0
4034,0
4035,0
4036,0
4037,0
4038,0
4039,0
4040,0
4041,0
4042,0
4043,0
4044,0
4045,0
4046,0
4047,0
4048,0
4049,0
4050,0
4051,0
4052,0
4053,0
4054,0
4055,0
4056,0
4057,0
4058,0
4059,0
4060,0
4061,0
4062,0
4063,0
4064,0
4065,0
4066,0
4067,0
4068,0
4069,0
4070,0
4071,0
4072,0
4073,0
4074,0
4075,0
4076,0
4077,0
4078,0
4079,0
4080,0
4081,0
4082,0
4083,0
4084,0
4085,0
4086,0
4087,0
4088,0
4089,0
4090,0
4091,0
4092,0
4093,0
4094,0
4095,0
4096,0
4097,0
4098,0
4099,0
4100,0
4101,0
4102,0
4103,0
4104,0
4105,0
4106,0
4107,0
4108,0
4109,0
4110,0
4111,0
4112,0
4113,0
4114,0
4115,0
4116,0
4117,0
4118,0
4119,0
4120,0
4121,0
4122,0
4123,0
4124,0
4125,0
4126,0
4127,0
4128,0
4129,0
4130,0
4131,0
4132,0
4133,0
4134,0
4135,0
4136,0
4137,0
4138,0
4139,0
4140,0
4141,0
4142,0
4143,0
4144,0
4145,0
4146,0
4147,0
4148,0
4149,0
4150,0
4151,0
4152,0
4153,0.003
4154,0.003
4155,0.003
4156,0.003
4157,0.003
4158,0.003
4159,0.003
4160,0.003
4161,0.006
4162,0.01
4163,0.01
4164,0.01
4165,0.01
4166,0.01
4167,0.01
4168,0.01
4169,0.01
4170,0.01
4171,0.01
4172,0.01
4173,0.01
4174,0.01
4175,0.01
4176,0.01
4177,0.01
4178,0.01
4179,0.01
4180,0.01
4181,0.01
4182,0.01
4183,0.01
4184,0.01
4185,0.01
4186,0.01
4187,0.01
4188,0.01
4189,0.01
4190,0.01
4191,0.01
4192,0.01
4193,0.01
4194,0.006
4195,0.006
4196,0.006
4197,0.006
4198,0.006
4199,0.006
4200,0.006
4201,0.006
4202,0.006
4203,0.006
4204,0.006
4205,0.006
4206,0.006
4207,0.006
4208,0.006
4209,0.006
4210,0.006
4211,0.006
4212,0.006
4213,0.006
4214,0.006
4215,0.006
4216,0.006
4217,0.006
4218,0.006
4219,0.006
4220,0.006
4221,0.006
4222,0.006
4223,0.006
4224,0.006
4225,0.006
4226,0.01
4227,0.006
4228,0.01
4229,0.01
4230,0.01
4231,0.01
4232,0.006
4233,0.006
4234,0.006
4235,0.006
4236,0.006
4237,0.006
4238,0.006
4239,0.006
4240,0.006
4241,0.006
4242,0.006
4243,0.006
4244,0.006
4245,0.006
4246,0.006
4247,0.006
4248,0.006
4249,0.006
4250,0.006
4251,0.006
4252,0.006
4253,0.006
4254,0.006
4255,0.006
4256,0.006
4257,0.006
4258,0.006
4259,0.006
4260,0.006
4261,0.006
4262,0.006
4263,0.006
4264,0.006
4265,0.006
4266,0.006
4267,0.006
4268,0.006
4269,0.01
4270,0.01
4271,0.01
4272,0.01
4273,0.01
4274,0.01
4275,0.01
4276,0.01
4277,0.01
4278,0.006
4279,0.01
4280,0.01
4281,0.01
4282,0.006
4283,0.006
4284,0.006
4285,0.01
4286,0.01
4287,0.01
4288,0.01
4289,0.01
4290,0.006
4291,0.006
4292,0.006
4293,0.006
4294,0.006
4295,0.006
4296,0.006
4297,0.006
4298,0.006
4299,0.006
4300,0.006
4301,0.006
4302,0.006
4303,0.006
4304,0.006
4305,0.006
4306,0.006
4307,0.006
4308,0.006
4309,0.006
4310,0.006
4311,0.006
4312,0.006
4313,0.006
4314,0.006
4315,0.006
4316,0.006
4317,0.006
4318,0.006
4319,0.006
4320,0.006
4321,0.006
4322,0.006
4323,0.006
4324,0.006
4325,0.006
4326,0.006
4327,0.006
4328,0.006
4329,0.006
4330,0.006
4331,0.006
4332,0.006
4333,0.006
4334,0.006
4335,0.006
4336,0.006
4337,0.006
4338,0.006
4339,0.006
4340,0.006
4341,0.006
4342,0.006
4343,0.006
4344,0.006
4345,0.006
4346,0.006
4347,0.006
4348,0.006
4349,0.006
4350,0.006
4351,0.006
4352,0.006
4353,0.006
4354,0.006
4355,0.006
4356,0.006
4357,0.006
4358,0.006
4359,0.006
4360,0.006
4361,0.006
4362,0.006
4363,0.006
4364,0.006
4365,0.006
4366,0.006
4367,0.006
4368,0.006
4369,0.006
4370,0.006
4371,0.006
4372,0.006
4373,0.006
4374,0.006
4375,0.006
4376,0.006
4377,0.006
4378,0.006
4379,0.006
4380,0.006
4381,0.006
4382,0.006
4383,0.006
4384,0.006
4385,0.006
4386,0.006
4387,0.006
4388,0.006
4389,0.006
4390,0.006
4391,0.006
4392,0.006
4393,0.006
4394,0.006
4395,0.006
4396,0.006
4397,0.006
4398,0.006
4399,0.006
4400,0.006
4401,0.006
4402,0.006
4403,0.006
4404,0.006
4405,0.006
4406,0.006
4407,0.006
4408,0.006
4409,0.006
4410,0.006
4411,0.006
4412,0.006
4413,0.006
4414,0.006
4415,0.006
4416,0.006
4417,0.006
4418,0.006
4419,0.006
4420,0.006
4421,0.006
4422,0.006
4423,0.006
4424,0.006
4425,0.006
4426,0.006
4427,0.006
4428,0.006
4429,0.006
4430,0.006
4431,0.006
4432,0.006
4433,0.006
4434,0.006
4435,0.006
4436,0.006
4437,0.006
4438,0.006
4439,0.006
4440,0.006
4441,0.006
4442,0.006
4443,0.006
4444,0.006
4445,0.006
4446,0.006
4447,0.006
4448,0.006
4449,0.006
4450,0.006
4451,0.006
4452,0.006
4453,0.006
4454,0.006
4455,0.006
4456,0.006
4457,0.006
4458,0.006
4459,0.006
4460,0.006
4461,0.006
4462,0.006
4463,0.006
4464,0.006
4465,0.006
4466,0.006
4467,0.006
4468,0.006
4469,0.006
4470,0.006
4471,0.006
4472,0.006
4473,0.006
4474,0.006
4475,0.006
4476,0.006
4477,0.006
4478,0.006
4479,0.006
4480,0.006
4481,0.006
4482,0.006
4483,0.006
4484,0.006
4485,0.006
4486,0.006
4487,0.006
4488,0.006
4489,0.006
4490,0.006
4491,0.006
4492,0.006
4493,0.006
4494,0.006
4495,0.006
4496,0.006
4497,0.006
4498,0.006
4499,0.006
4500,0.006
4501,0.006
4502,0.006
4503,0.006
4504,0.006
4505,0.006
4506,0.006
4507,0.006
4508,0.006
4509,0.006
4510,0.006
4511,0.006
4512,0.006
4513,0.006
4514,0.006
4515,0.006
4516,0.006
4517,0.006
4518,0.006
4519,0.006
4520,0.006
4521,0.006
4522,0.006
4523,0.006
4524,0.006
4525,0.006
4526,0.006
4527,0.006
4528,0.006
4529,0.006
4530,0.006
4531,0.006
4532,0.006
4533,0.006
4534,0.006
4535,0.006
4536,0.006
4537,0.006
4538,0.006
4539,0.006
4540,0.006
4541,0.006
4542,0.006
4543,0.006
4544,0.006
4545,0.006
4546,0.006
4547,0.006
4548,0.006
4549,0.006
4550,0.006
4551,0.006
4552,0.006
4553,0.006
4554,0.006
4555,0.006
4556,0.006
4557,0.006
4558,0.006
4559,0.006
4560,0.006
4561,0.006
4562,0.006
4563,0.006
4564,0.006
4565,0.006
4566,0.006
4567,0.006
4568,0.006
4569,0.006
4570,0.006
4571,0.006
4572,0.006
4573,0.006
4574,0.006
4575,0.006
4576,0.006
4577,0.006
4578,0.006
4579,0.006
4580,0.006
4581,0.006
4582,0.006
4583,0.006
4584,0.003
4585,0.003
4586,0.003
4587,0.006
4588,0.006
4589,0.006
4590,0.006
4591,0.006
4592,0.003
4593,0.006
4594,0.006
4595,0.006
4596,0.006
4597,0.006
4598,0.006
4599,0.006
4600,0.006
4601,0.006
4602,0.006
4603,0.006
4604,0.006
4605,0.006
4606,0.006
4607,0.006
4608,0.006
4609,0.006
4610,0.006
4611,0.006
4612,0.006
4613,0.006
4614,0.006
4615,0.003
4616,0.006
4617,0.006
4618,0.006
4619,0.006
4620,0.003
4621,0.003
4622,0.003
4623,0.003
4624,0.003
4625,0.003
4626,0.003
4627,0.003
4628,0.003
4629,0.003
4630,0.003
4631,0.003
4632,0.003
4633,0.003
4634,0.003
4635,0.003
4636,0.003
4637,0.003
4638,0.003
4639,0.003
4640,0.003
4641,0.003
4642,0.003
4643,0.006
4644,0.006
4645,0.006
4646,0.006
4647,0.006
4648,0.006
4649,0.006
4650,0.006
4651,0.006
4652,0.006
4653,0.006
4654,0.006
4655,0.006
4656,0.006
4657,0.006
4658,0.006
4659,0.006
4660,0.006
4661,0.006
4662,0.006
4663,0.006
4664,0.003
4665,0.003
4666,0.003
4667,0.003
4668,0.003
4669,0.003
4670,0.003
4671,0.003
4672,0.003
4673,0.003
4674,0.003
4675,0.003
4676,0.003
4677,0.003
4678,0.003
4679,0.003
4680,0.003
4681,0.003
4682,0.003
4683,0.003
4684,0.003
4685,0.003
4686,0.003
4687,0.003
4688,0.003
4689,0.003
4690,0.003
4691,0.003
4692,0.003
4693,0.003
4694,0.003
4695,0.003
4696,0.003
4697,0.003
4698,0.003
4699,0.003
4700,0.003
4701,0.003
4702,0.003
4703,0.003
4704,0.003
4705,0.003
4706,0.003
4707,0.003
4708,0.003
4709,0.003
4710,0.003
4711,0.003
4712,0.003
4713,0.003
4714,0.003
4715,0.003
4716,0.006
4717,0.006
4718,0.003
4719,0.006
4720,0.006
4721,0.006
4722,0.006
4723,0.006
4724,0.006
4725,0.006
4726,0.006
4727,0.006
4728,0.006
4729,0.006
4730,0.006
4731,0.006
4732,0.006
4733,0.006
4734,0.006
4735,0.006
4736,0.006
4737,0.006
4738,0.006
4739,0.006
4740,0.006
4741,0.006
4742,0.006
4743,0.006
4744,0.006
4745,0.006
4746,0.006
4747,0.006
4748,0.006
4749,0.006
4750,0.006
4751,0.006
4752,0.003
4753,0.003
4754,0.003
4755,0.003
4756,0.003
4757,0.003
4758,0.003
4759,0.003
4760,0.003
4761,0.003
4762,0.003
4763,0.003
4764,0.003
4765,0.003
4766,0.003
4767,0.003
4768,0.003
4769,0.003
4770,0.003
4771,0.003
4772,0.003
4773,0.003
4774,0.006
4775,0.003
4776,0.003
4777,0.003
4778,0.003
4779,0.003
4780,0.003
4781,0.003
4782,0.003
4783,0.003
4784,0.003
4785,0.003
4786,0.003
4787,0.003
4788,0.003
4789,0.003
4790,0.003
4791,0.003
4792,0.003
4793,0.003
4794,0.003
4795,0.003
4796,0.003
4797,0.003
4798,0.003
4799,0.003
4800,0.003
4801,0.003
4802,0.003
4803,0.003
4804,0.003
4805,0.003
4806,0.003
4807,0.003
4808,0.003
4809,0.003
4810,0.003
4811,0.003
4812,0.003
4813,0.003
4814,0.003
4815,0.003
4816,0.003
4817,0.003
4818,0.003
4819,0.003
4820,0.003
4821,0.003
4822,0.003
4823,0.003
4824,0.003
4825,0.003
4826,0.003
4827,0.003
4828,0.003
4829,0.003
4830,0.003
4831,0.003
4832,0.003
4833,0.003
4834,0.003
4835,0.003
4836,0.003
4837,0.003
4838,0.003
4839,0.003
4840,0.003
4841,0.003
4842,0.003
4843,0.003
4844,0.003
4845,0.003
4846,0.003
4847,0.003
4848,0.003
4849,0.003
4850,0.003
4851,0.003
4852,0.003
4853,0.003
4854,0.003
4855,0.003
4856,0.003
4857,0.003
4858,0.003
4859,0.003
4860,0.003
4861,0.003
4862,0.003
4863,0.003
4864,0.003
4865,0.003
4866,0.003
4867,0.003
4868,0.003
4869,0
4870,0
4871,0
4872,0
4873,0
4874,0
4875,0
4876,0
4877,0
4878,0
4879,0
4880,0
4881,0
4882,0
4883,0
4884,0
4885,0
4886,0
4887,0
4888,0
4889,0
4890,0
4891,0
4892,0
4893,0
4894,0.003
4895,0.003
4896,0.003
4897,0.003
4898,0.003
4899,0.003
4900,0.003
4901,0.003
4902,0.003
4903,0.003
4904,0.003
4905,0.003
4906,0.003
4907,0.003
4908,0.003
4909,0.003
4910,0.003
4911,0.003
4912,0.003
4913,0.003
4914,0.003
4915,0.003
4916,0.003
4917,0.003
4918,0.003
4919,0.003
4920,0.003
4921,0.003
4922,0.003
4923,0.003
4924,0.003
4925,0.003
4926,0.003
4927,0.003
4928,0.003
4929,0.003
4930,0.003
4931,0.003
4932,0.003
4933,0.003
4934,0.003
4935,0.003
4936,0.003
4937,0.003
4938,0.003
4939,0.003
4940,0.003
4941,0.003
4942,0.003
4943,0.003
4944,0.003
4945,0.003
4946,0.003
4947,0.003
4948,0.003
4949,0.003
4950,0.003
4951,0.003
4952,0.003
4953,0.003
4954,0.003
4955,0.003
4956,0.003
4957,0.003
4958,0.003
4959,0.003
4960,0.003
4961,0.003
4962,0.003
4963,0.003
4964,0.003
4965,0.003
4966,0.003
4967,0.003
4968,0.003
4969,0.003
4970,0.006
4971,0.006
4972,0.01
4973,0.01
4974,0.01
4975,0.01
4976,0.013
4977,0.013
4978,0.013
4979,0.013
4980,0.013
4981,0.013
4982,0.013
4983,0.013
4984,0.013
4985,0.013
4986,0.013
4987,0.013
4988,0.013
4989,0.013
4990,0.013
4991,0.013
4992,0.013
4993,0.013
4994,0.013
4995,0.01
4996,0.01
4997,0.01
4998,0.01
4999,0.01
5000,0.01
5001,0.01
5002,0.01
5003,0.01
5004,0.01
5005,0.01
5006,0.01
5007,0.01
5008,0.01
5009,0.01
5010,0.01
5011,0.01
5012,0.01
5013,0.01
5014,0.01
5015,0.01
5016,0.01
5017,0.01
5018,0.01
5019,0.01
5020,0.01
5021,0.01
5022,0.01
5023,0.01
5024,0.01
5025,0.01
5026,0.01
5027,0.01
5028,0.01
5029,0.01
5030,0.01
5031,0.01
5032,0.01
5033,0.01
5034,0.01
5035,0.01
5036,0.01
5037,0.01
5038,0.01
5039,0.006
5040,0.006
5041,0.006
5042,0.006
5043,0.006
5044,0.006
5045,0.006
5046,0.006
5047,0.006
5048,0.006
5049,0.006
5050,0.006
5051,0.006
5052,0.01
5053,0.01
5054,0.01
5055,0.01
5056,0.01
5057,0.01
5058,0.01
5059,0.01
5060,0.01
5061,0.01
5062,0.01
5063,0.01
5064,0.01
5065,0.01
5066,0.01
5067,0.01
5068,0.01
5069,0.01
5070,0.01
5071,0.01
5072,0.01
5073,0.01
5074,0.01
5075,0.01
5076,0.01
5077,0.01
5078,0.01
5079,0.01
5080,0.01
5081,0.01
5082,0.01
5083,0.01
5084,0.01
5085,0.01
5086,0.01
5087,0.01
5088,0.01
5089,0.01
5090,0.01
5091,0.01
5092,0.01
5093,0.01
5094,0.01
5095,0.01
5096,0.01
5097,0.01
5098,0.01
5099,0.01
5100,0.01
5101,0.01
5102,0.01
5103,0.01
5104,0.01
5105,0.01
5106,0.01
5107,0.01
5108,0.01
5109,0.01
5110,0.01
5111,0.01
5112,0.01
5113,0.01
5114,0.01
5115,0.01
5116,0.01
5117,0.01
5118,0.01
5119,0.01
5120,0.01
5121,0.01
5122,0.01
5123,0.01
5124,0.01
5125,0.01
5126,0.01
5127,0.01
5128,0.01
5129,0.01
5130,0.01
5131,0.01
5132,0.01
5133,0.01
5134,0.01
5135,0.01
5136,0.01
5137,0.01
5138,0.01
5139,0.01
5140,0.01
5141,0.01
5142,0.01
5143,0.01
5144,0.01
5145,0.01
5146,0.01
5147,0.01
5148,0.01
5149,0.01
5150,0.01
5151,0.01
5152,0.01
5153,0.01
5154,0.01
5155,0.01
5156,0.01
5157,0.01
5158,0.01
5159,0.01
5160,0.01
5161,0.01
5162,0.01
5163,0.01
5164,0.01
5165,0.01
5166,0.01
5167,0.01
5168,0.01
5169,0.01
5170,0.01
5171,0.01
5172,0.01
5173,0.01
5174,0.01
5175,0.01
5176,0.01
5177,0.01
5178,0.01
5179,0.01
5180,0.01
5181,0.01
5182,0.01
5183,0.01
5184,0.01
5185,0.01
5186,0.01
5187,0.01
5188,0.01
5189,0.01
5190,0.01
5191,0.01
5192,0.01
5193,0.01
5194,0.01
5195,0.01
5196,0.01
5197,0.01
5198,0.01
5199,0.01
5200,0.01
5201,0.006
5202,0.006
5203,0.006
5204,0.006
5205,0.01
5206,0.01
5207,0.01
5208,0.006
5209,0.006
5210,0.006
5211,0.01
5212,0.01
5213,0.01
5214,0.01
5215,0.01
5216,0.01
5217,0.01
5218,0.01
5219,0.01
5220,0.013
5221,0.013
5222,0.013
5223,0.013
5224,0.013
5225,0.016
5226,0.016
5227,1.86
5228,8.906
5229,9.999
5230,9.999
5231,9.999
5232,9.999
5233,9.999
5234,9.999
5235,9.999
5236,9.999
5237,9.999
5238,9.999
5239,9.999
5240,9.999
5241,9.999
5242,9.999
5243,9.999
5244,9.999
5245,9.739
5246,9.018
5247,8.906
5248,8.474
5249,7.985
5250,7.966
5251,7.927
5252,7.921
5253,7.696
5254,7.529
5255,7.48
5256,7.442
5257,7.442
5258,6.994
5259,6.994
5260,6.904
5261,6.904
5262,6.879
5263,6.879
5264,6.563
5265,6.563
5266,6.563
5267,6.563
5268,6.563
5269,6.563
5270,6.563
5271,6.563
5272,6.563
5273,6.695
5274,6.695
5275,6.798
5276,6.766
5277,6.798
5278,6.766
5279,6.798
5280,6.766
5281,6.798
5282,6.766
5283,6.798
5284,6.904
5285,6.904
5286,7.159
5287,7.159
5288,7.187
5289,7.159
5290,7.187
5291,7.159
5292,7.187
5293,7.187
5294,7.187
5295,7.187
5296,7.187
5297,7.381
5298,7.187
5299,7.381
5300,7.187
5301,7.249
5302,7.249
5303,7.249
5304,7.249
5305,7.249
5306,7.381
5307,7.249
5308,7.381
5309,7.249
5310,7.249
5311,7.249
5312,7.249
5313,7.249
5314,7.249
5315,7.381
5316,7.249
5317,7.381
5318,7.249
5319,7.381
5320,7.249
5321,7.249
5322,7.249
5323,7.249
5324,7.249
5325,7.175
5326,7.249
5327,7.175
5328,7.249
5329,7.175
5330,7.175
5331,7.078
5332,7.078
5333,7.078
5334,6.843
5335,7.078
5336,6.843
5337,7.078
5338,6.843
5339,7.078
5340,6.843
5341,6.843
5342,6.843
5343,6.824
5344,6.824
5345,6.763
5346,6.824
5347,6.763
5348,6.824
5349,6.763
5350,6.824
5351,6.763
5352,6.824
5353,6.824
5354,6.663
5355,6.824
5356,6.663
5357,6.824
5358,6.663
5359,6.824
5360,6.663
5361,6.824
5362,6.663
5363,6.824
5364,7.011
5365,6.824
5366,6.824
5367,6.708
5368,6.824
5369,6.708
5370,6.824
5371,6.708
5372,6.824
5373,6.708
5374,6.708
5375,6.708
5376,6.708
5377,6.975
5378,6.817
5379,6.817
5380,6.708
5381,6.817
5382,6.708
5383,6.817
5384,6.708
5385,6.817
5386,6.817
5387,6.817
5388,6.817
5389,6.817
5390,6.817
5391,6.817
5392,6.817
5393,6.708
5394,6.817
5395,6.708
5396,6.708
5397,6.431
5398,6.817
5399,6.817
5400,6.817
5401,6.817
5402,6.817
5403,6.817
5404,6.817
5405,6.817
5406,6.817
5407,6.817
5408,6.776
5409,6.377
5410,6.345
5411,6.345
5412,6.345
5413,6.238
5414,6.238
5415,6.238
5416,6.238
5417,6.238
5418,6.238
5419,6.238
5420,6.238
5421,6.238
5422,6.238
5423,6.238
5424,6.222
5425,6.222
5426,6.123
5427,6.222
5428,6.1
5429,6.222
5430,6.013
5431,6.222
5432,6.013
5433,6.142
5434,6.013
5435,6.013
5436,6.013
5437,6.013
5438,6
5439,6
5440,6
5441,5.93
5442,5.93
5443,5.904
5444,5.904
5445,5.862
5446,5.904
5447,5.862
5448,5.904
5449,5.852
5450,5.904
5451,5.852
5452,5.904
5453,5.852
5454,5.904
5455,5.852
5456,5.904
5457,5.852
5458,5.904
5459,5.852
5460,5.904
5461,5.852
5462,5.904
5463,5.814
5464,5.904
5465,5.814
5466,5.904
5467,5.736
5468,5.736
5469,5.666
5470,6.727
5471,6.727
5472,6.727
5473,6.727
5474,6.579
5475,6.579
5476,6.174
5477,6.174
5478,6.174
5479,6.174
5480,6.174
5481,6.174
5482,6.174
5483,6.174
5484,6.174
5485,6.174
5486,6.174
5487,6.174
5488,5.897
5489,5.897
5490,5.897
5491,5.897
5492,5.897
5493,5.897
5494,5.897
5495,5.897
5496,5.897
5497,5.897
5498,5.897
5499,5.897
5500,5.897
5501,5.897
5502,5.897
5503,5.897
5504,5.897
5505,5.897
5506,5.897
5507,5.897
5508,5.897
5509,5.897
5510,5.897
5511,5.897
5512,5.897
5513,5.897
5514,5.897
5515,5.897
5516,5.897
5517,5.897
5518,5.897
5519,5.897
5520,6.126
5521,6.126
5522,6.126
5523,6.126
5524,6.126
5525,6.126
5526,6.126
5527,6.126
5528,6.126
5529,6.126
5530,6.126
5531,6.126
5532,6.554
5533,6.554
5534,6.554
5535,6.554
5536,6.589
5537,6.589
5538,6.673
5539,6.673
5540,6.673
5541,6.673
5542,6.673
5543,6.673
5544,6.975
5545,6.975
5546,6.975
5547,6.975
5548,6.975
5549,6.975
5550,6.213
5551,6.213
5552,5.585
5553,5.585
5554,5.585
5555,5.585
5556,5.585
5557,5.585
5558,5.138
5559,5.135
5560,5.135
5561,5.534
5562,5.283
5563,5.354
5564,5.283
5565,5.354
5566,5.283
5567,5.354
5568,5.283
5569,5.354
5570,5.283
5571,5.354
5572,5.283
5573,5.354
5574,5.283
5575,5.354
5576,5.283
5577,5.354
5578,5.283
5579,5.354
5580,5.283
5581,5.354
5582,5.283
5583,5.354
5584,5.283
5585,5.354
5586,5.283
5587,5.354
5588,5.283
5589,5.354
5590,5.354
5591,5.534
5592,5.354
5593,5.283
5594,5.119
5595,5.119
5596,5.63
5597,5.096
5598,5.63
5599,5.093
5600,5.63
5601,4.961
5602,5.63
5603,4.961
5604,5.63
5605,4.961
5606,5.63
5607,4.948
5608,5.63
5609,4.948
5610,5.247
5611,4.948
5612,4.996
5613,4.948
5614,4.948
5615,4.948
5616,4.948
5617,4.948
5618,4.948
5619,4.948
5620,4.948
5621,4.948
5622,4.948
5623,4.948
5624,4.948
5625,4.996
5626,4.996
5627,4.996
5628,4.948
5629,4.996
5630,4.926
5631,4.932
5632,4.926
5633,4.926
5634,4.926
5635,4.926
5636,4.926
5637,4.926
5638,4.926
5639,4.926
5640,4.926
5641,4.926
5642,4.926
5643,4.926
5644,4.926
5645,4.926
5646,4.877
5647,4.791
5648,4.791
5649,4.791
5650,4.791
5651,4.791
5652,4.791
5653,4.791
5654,4.791
5655,4.791
5656,4.791
5657,4.791
5658,4.791
5659,4.791
5660,4.791
5661,4.736
5662,4.736
5663,4.72
5664,4.72
5665,4.72
5666,4.72
5667,4.72
5668,4.72
5669,4.72
5670,4.72
5671,4.72
5672,4.62
5673,4.62
5674,4.62
5675,4.72
5676,4.62
5677,4.72
5678,4.62
5679,4.62
5680,4.614
5681,4.614
5682,4.614
5683,4.614
5684,4.614
5685,4.614
5686,4.614
5687,4.607
5688,4.614
5689,4.607
5690,4.614
5691,4.607
5692,4.614
5693,4.614
5694,4.62
5695,4.62
5696,4.62
5697,4.62
5698,4.607
5699,4.62
5700,4.607
5701,4.62
5702,4.607
5703,4.62
5704,4.607
5705,5.045
5706,4.607
5707,4.607
5708,4.607
5709,4.581
5710,4.607
5711,4.581
5712,4.607
5713,4.581
5714,4.607
5715,4.581
5716,4.581
5717,4.572
5718,4.572
5719,4.572
5720,4.549
5721,4.572
5722,4.549
5723,4.572
5724,4.549
5725,4.572
5726,4.549
5727,4.549
5728,4.501
5729,4.501
5730,4.501
5731,4.417
5732,4.501
5733,4.417
5734,4.501
5735,4.417
5736,4.501
5737,4.501
5738,4.501
5739,4.501
5740,4.417
5741,4.501
5742,4.279
5743,4.495
5744,4.279
5745,4.295
5746,4.295
5747,4.295
5748,4.295
5749,4.295
5750,4.295
5751,4.279
5752,4.295
5753,4.279
5754,4.279
5755,4.279
5756,4.279
5757,4.279
5758,4.279
5759,4.295
5760,4.295
5761,4.478
5762,4.453
5763,4.453
5764,4.453
5765,4.453
5766,4.453
5767,4.453
5768,4.453
5769,4.295
5770,4.295
5771,4.295
5772,4.295
5773,4.295
5774,4.295
5775,4.295
5776,4.295
5777,4.154
5778,4.154
5779,4.154
5780,4.154
5781,4.154
5782,4.154
5783,4.154
5784,4.154
5785,4.179
5786,4.179
5787,4.179
5788,4.179
5789,4.179
5790,4.179
5791,4.076
5792,4.076
5793,4.06
5794,4.06
5795,3.925
5796,3.925
5797,3.925
5798,3.925
5799,3.948
5800,3.925
5801,3.948
5802,3.948
5803,3.948
5804,3.948
5805,3.948
5806,3.954
5807,3.948
5808,3.954
5809,3.948
5810,3.948
5811,3.948
5812,3.893
5813,3.948
5814,3.893
5815,3.948
5816,3.893
5817,3.893
5818,3.893
5819,3.883
5820,3.893
5821,3.883
5822,3.893
5823,3.883
5824,3.848
5825,3.906
5826,3.848
5827,3.906
5828,3.848
5829,3.906
5830,3.848
5831,3.681
5832,3.848
5833,3.681
5834,3.848
5835,3.681
5836,3.764
5837,3.764
5838,3.681
5839,3.764
5840,3.681
5841,3.764
5842,3.764
5843,3.764
5844,3.848
5845,3.764
5846,3.848
5847,3.764
5848,3.764
5849,3.764
5850,3.681
5851,3.764
5852,3.681
5853,3.681
5854,3.681
5855,3.681
5856,3.764
5857,3.565
5858,3.565
5859,3.565
5860,3.565
5861,3.565
5862,3.565
5863,3.539
5864,3.5
5865,3.5
5866,3.5
5867,3.5
5868,3.5
5869,3.5
5870,3.5
5871,3.5
5872,3.5
5873,3.494
5874,3.484
5875,3.484
5876,3.484
5877,3.484
5878,3.465
5879,3.484
5880,3.484
5881,3.484
5882,3.484
5883,3.465
5884,3.465
5885,3.465
5886,3.465
5887,3.465
5888,3.34
5889,3.465
5890,3.34
5891,3.34
5892,3.34
5893,3.327
5894,3.34
5895,3.327
5896,3.327
5897,3.327
5898,3.298
5899,3.327
5900,3.298
5901,3.298
5902,3.298
5903,3.24
5904,3.298
5905,3.24
5906,3.298
5907,3.327
5908,3.298
5909,3.327
5910,3.298
5911,3.24
5912,3.298
5913,3.24
5914,3.298
5915,3.24
5916,3.211
5917,3.24
5918,3.211
5919,3.211
5920,3.211
5921,3.108
5922,3.211
5923,3.108
5924,3.108
5925,3.211
5926,3.108
5927,3.108
5928,3.108
5929,3.108
5930,3.211
5931,3.108
5932,3.108
5933,3.108
5934,3.044
5935,3.108
5936,3.095
5937,3.095
5938,3.095
5939,3.044
5940,3.044
5941,3.044
5942,3.044
5943,3.034
5944,3.034
5945,3.034
5946,3.024
5947,2.831
5948,2.783
5949,2.783
5950,2.783
5951,2.69
5952,2.69
5953,2.69
5954,2.69
5955,2.738
5956,2.738
5957,2.738
5958,2.738
5959,2.69
5960,2.69
5961,2.69
5962,2.648
5963,2.69
5964,2.69
5965,2.69
5966,2.738
5967,2.69
5968,2.69
5969,2.69
5970,2.648
5971,2.69
5972,2.648
5973,2.648
5974,2.654
5975,2.648
5976,2.648
5977,2.654
5978,2.648
5979,2.654
5980,2.654
5981,2.648
5982,2.654
5983,2.654
5984,2.561
5985,2.654
5986,2.561
5987,2.474
5988,2.561
5989,2.474
5990,2.474
5991,2.561
5992,2.397
5993,2.561
5994,2.561
5995,2.397
5996,2.561
5997,2.561
5998,2.397
5999,2.561
6000,2.397
6001,2.397
6002,2.561
6003,2.397
6004,2.397
6005,2.397
6006,2.345
6007,2.345
6008,2.345
6009,2.339
6010,2.339
6011,2.339
6012,2.339
6013,2.339
6014,2.339
6015,2.339
6016,2.339
6017,2.339
6018,2.339
6019,2.339
6020,2.339
6021,2.339
6022,2.345
6023,2.345
6024,2.345
6025,2.307
6026,2.307
6027,2.307
6028,2.307
6029,2.307
6030,2.307
6031,2.307
6032,2.307
6033,2.307
6034,2.3
6035,2.3
6036,2.3
6037,2.3
6038,2.307
6039,2.307
6040,2.3
6041,2.307
6042,2.307
6043,2.275
6044,2.291
6045,2.291
6046,2.275
6047,2.291
6048,2.291
6049,2.275
6050,2.291
6051,2.275
6052,2.252
6053,2.275
6054,2.252
6055,2.214
6056,2.252
6057,2.214
6058,2.181
6059,2.214
6060,2.181
6061,2.062
6062,2.181
6063,2.062
6064,1.94
6065,2.062
6066,1.94
6067,1.866
6068,1.94
6069,1.94
6070,1.866
6071,1.866
6072,1.866
6073,1.831
6074,1.831
6075,1.831
6076,1.815
6077,1.815
6078,1.815
6079,1.744
6080,1.744
6081,1.744
6082,1.737
6083,1.737
6084,1.737
6085,1.737
6086,1.737
6087,1.737
6088,1.721
6089,1.721
6090,1.737
6091,1.737
6092,1.737
6093,1.737
6094,1.737
6095,1.721
6096,1.721
6097,1.721
6098,1.721
6099,1.721
6100,1.721
6101,1.721
6102,1.721
6103,1.737
6104,1.737
6105,1.737
6106,1.721
6107,1.721
6108,1.721
6109,1.721
6110,1.721
6111,1.721
6112,1.721
6113,1.721
6114,1.721
6115,1.721
6116,1.721
6117,1.721
6118,1.721
6119,1.644
6120,1.644
6121,1.644
6122,1.589
6123,1.589
6124,1.644
6125,1.644
6126,1.589
6127,1.644
6128,1.644
6129,1.589
6130,1.589
6131,1.589
6132,1.583
6133,1.583
6134,1.589
6135,1.583
6136,1.583
6137,1.589
6138,1.589
6139,1.583
6140,1.589
6141,1.589
6142,1.583
6143,1.583
6144,1.589
6145,1.583
6146,1.564
6147,1.583
6148,1.564
6149,1.326
6150,1.564
6151,1.564
6152,1.326
6153,1.564
6154,1.583
6155,1.564
6156,1.326
6157,1.564
6158,1.326
6159,1.326
6160,1.326
6161,1.564
6162,1.326
6163,1.451
6164,1.564
6165,1.451
6166,1.326
6167,1.451
6168,1.406
6169,1.326
6170,1.406
6171,1.451
6172,1.406
6173,1.406
6174,1.451
6175,1.451
6176,1.406
6177,1.451
6178,1.451
6179,1.406
6180,1.406
6181,1.451
6182,1.406
6183,1.406
6184,1.451
6185,1.451
6186,1.406
6187,1.406
6188,1.451
6189,1.406
6190,1.406
6191,1.406
6192,1.406
6193,1.322
6194,1.322
6195,1.322
6196,1.142
6197,1.142
6198,1.322
6199,1.322
6200,1.142
6201,1.142
6202,1.142
6203,1.123
6204,1.123
6205,1.142
6206,1.142
6207,1.123
6208,1.123
6209,1.123
6210,1.11
6211,1.11
6212,1.123
6213,1.123
6214,1.123
6215,1.123
6216,1.123
6217,1.123
6218,1.123
6219,1.142
6220,1.142
6221,1.123
6222,1.123
6223,1.123
6224,1.123
6225,1.123
6226,1.152
6227,1.152
6228,1.152
6229,1.152
6230,1.152
6231,1.152
6232,1.152
6233,1.152
6234,1.152
6235,1.152
6236,1.152
6237,1.152
6238,1.152
6239,1.152
6240,1.152
6241,1.152
6242,1.155
6243,1.155
6244,1.152
6245,1.152
6246,1.152
6247,1.152
6248,1.152
6249,1.152
6250,1.152
6251,0.965
6252,0.965
6253,1.155
6254,1.155
6255,1.155
6256,1.171
6257,1.171
6258,0.965
6259,0.965
6260,1.171
6261,1.171
6262,0.965
6263,0.965
6264,1.116
6265,1.116
6266,0.965
6267,1.116
6268,1.116
6269,0.965
6270,0.965
6271,1.116
6272,1.116
6273,0.965
6274,0.965
6275,1.116
6276,1.116
6277,0.959
6278,1.116
6279,1.116
6280,0.959
6281,0.959
6282,1.116
6283,1.116
6284,0.959
6285,0.959
6286,1.116
6287,0.959
6288,0.885
6289,0.959
6290,0.959
6291,0.885
6292,0.885
6293,0.959
6294,0.959
6295,0.885
6296,0.885
6297,0.959
6298,0.885
6299,0.865
6300,0.885
6301,1.129
6302,0.885
6303,0.865
6304,0.885
6305,0.968
6306,0.885
6307,0.865
6308,0.885
6309,0.885
6310,0.833
6311,0.885
6312,0.968
6313,0.885
6314,0.833
6315,0.885
6316,0.968
6317,0.885
6318,0.833
6319,0.885
6320,0.968
6321,0.833
6322,0.833
6323,0.968
6324,0.968
6325,0.833
6326,0.904
6327,0.968
6328,0.904
6329,0.833
6330,0.904
6331,0.968
6332,0.904
6333,0.833
6334,0.904
6335,0.968
6336,0.904
6337,0.824
6338,0.904
6339,0.962
6340,0.904
6341,0.904
6342,0.962
6343,0.962
6344,0.904
6345,0.904
6346,0.962
6347,0.904
6348,0.875
6349,0.904
6350,0.962
6351,0.904
6352,0.875
6353,0.904
6354,0.962
6355,0.904
6356,0.875
6357,0.904
6358,0.962
6359,0.875
6360,0.875
6361,0.962
6362,0.962
6363,0.875
6364,0.875
6365,0.962
6366,0.962
6367,0.875
6368,0.875
6369,0.962
6370,0.962
6371,0.875
6372,0.875
6373,1.1
6374,0.875
6375,0.872
6376,0.872
6377,0.872
6378,0.865
6379,0.865
6380,0.865
6381,0.865
6382,0.811
6383,0.811
6384,0.865
6385,0.865
6386,0.811
6387,0.811
6388,0.865
6389,0.865
6390,0.811
6391,0.811
6392,0.865
6393,0.865
6394,0.811
6395,0.811
6396,0.865
6397,0.865
6398,0.811
6399,0.811
6400,0.865
6401,0.865
6402,0.811
6403,0.811
6404,0.865
6405,0.865
6406,0.811
6407,0.811
6408,0.865
6409,0.865
6410,0.682
6411,0.682
6412,0.882
6413,0.882
6414,0.882
6415,0.882
6416,0.882
6417,0.882
6418,0.882
6419,0.882
6420,1.075
6421,1.075
6422,1.075
6423,1.075
6424,1.075
6425,1.075
6426,1.075
6427,1.075
6428,1.139
6429,1.139
6430,1.139
6431,1.139
6432,1.139
6433,1.033
6434,1.033
6435,1.033
6436,1.033
6437,1.033
6438,1.033
6439,1.033
6440,1.033
6441,0.936
6442,0.936
6443,0.936
6444,0.936
6445,0.936
6446,0.936
6447,0.936
6448,0.936
6449,0.843
6450,0.843
6451,0.843
6452,0.843
6453,0.843
6454,0.843
6455,0.843
6456,0.843
6457,0.769
6458,0.769
6459,0.769
6460,0.769
6461,0.769
6462,0.769
6463,0.769
6464,0.769
6465,0.746
6466,0.746
6467,0.763
6468,0.763
6469,0.763
6470,0.763
6471,0.763
6472,0.763
6473,0.746
6474,0.746
6475,0.763
6476,0.763
6477,0.763
6478,0.763
6479,0.763
6480,0.763
6481,0.746
6482,0.746
6483,0.763
6484,0.763
6485,0.763
6486,0.763
6487,0.763
6488,0.763
6489,0.746
6490,0.746
6491,0.763
6492,0.763
6493,0.763
6494,0.763
6495,0.763
6496,0.763
6497,0.763
6498,0.763
6499,0.753
6500,0.753
6501,0.753
6502,0.753
6503,0.753
6504,0.753
6505,0.759
6506,0.759
6507,0.753
6508,0.753
6509,0.753
6510,0.753
6511,0.753
6512,0.753
6513,0.759
6514,0.759
6515,0.753
6516,0.753
6517,0.753
6518,0.753
6519,0.753
6520,0.753
6521,0.759
6522,0.759
6523,0.753
6524,0.753
6525,0.753
6526,0.753
6527,0.753
6528,0.753
6529,0.759
6530,0.759
6531,0.759
6532,0.759
6533,0.759
6534,0.759
6535,0.759
6536,0.759
6537,0.811
6538,0.811
6539,0.811
6540,0.811
6541,0.811
6542,0.811
6543,0.811
6544,0.811
6545,0.856
6546,0.856
6547,0.856
6548,0.856
6549,0.856
6550,0.856
6551,0.856
6552,0.856
6553,0.92
6554,0.92
6555,0.92
6556,0.92
6557,0.92
6558,0.92
6559,0.92
6560,0.92
6561,0.991
6562,0.991
6563,0.991
6564,0.991
6565,0.991
6566,0.991
6567,0.991
6568,0.991
6569,1.071
6570,1.071
6571,1.071
6572,1.071
6573,1.071
6574,1.071
6575,1.071
6576,1.071
6577,1.149
6578,1.149
6579,1.149
6580,1.149
6581,1.149
6582,1.149
6583,1.149
6584,1.149
6585,1.206
6586,1.206
6587,1.206
6588,1.206
6589,1.206
6590,1.206
6591,1.206
6592,1.206
6593,1.258
6594,1.258
6595,1.258
6596,1.258
6597,1.258
6598,1.258
6599,1.258
6600,1.229
6601,1.229
6602,1.229
6603,1.229
6604,0.965
6605,0.965
6606,0.965
6607,0.965
6608,0.965
6609,0.965
6610,0.965
6611,0.965
6612,0.885
6613,0.885
6614,0.885
6615,0.885
6616,0.885
6617,0.885
6618,0.885
6619,0.885
6620,0.808
6621,0.808
6622,0.808
6623,0.808
6624,0.808
6625,0.808
6626,0.808
6627,0.808
6628,0.711
6629,0.711
6630,0.711
6631,0.711
6632,0.711
6633,0.711
6634,0.711
6635,0.711
6636,0.682
6637,0.682
6638,0.682
6639,0.682
6640,0.682
6641,0.682
6642,0.711
6643,0.711
6644,0.682
6645,0.682
6646,0.711
6647,0.711
6648,0.682
6649,0.682
6650,0.711
6651,0.711
6652,0.682
6653,0.682
6654,0.711
6655,0.711
6656,0.682
6657,0.682
6658,0.711
6659,0.711
6660,0.682
6661,0.682
6662,0.734
6663,0.734
6664,0.682
6665,0.682
6666,0.734
6667,0.734
6668,0.734
6669,0.734
6670,0.763
6671,0.763
6672,0.763
6673,0.763
6674,0.763
6675,0.763
6676,0.763
6677,0.763
6678,0.878
6679,0.878
6680,0.878
6681,0.878
6682,0.878
6683,0.878
6684,0.878
6685,0.878
6686,0.981
6687,0.981
6688,0.981
6689,0.981
6690,0.981
6691,0.981
6692,0.981
6693,0.981
6694,1.091
6695,1.091
6696,1.091
6697,1.091
6698,1.091
6699,1.091
6700,1.091
6701,1.091
6702,1.158
6703,1.158
6704,1.158
6705,1.149
6706,1.149
6707,1.149
6708,1.149
6709,1.149
6710,1.149
6711,1.149
6712,1.149
6713,1.013
6714,1.013
6715,1.013
6716,1.013
6717,1.013
6718,1.013
6719,1.013
6720,1.013
6721,0.888
6722,0.888
6723,0.888
6724,0.888
6725,0.888
6726,0.888
6727,0.888
6728,0.888
6729,0.785
6730,0.785
6731,0.785
6732,0.785
6733,0.785
6734,0.785
6735,0.84
6736,0.84
6737,0.785
6738,0.785
6739,0.785
6740,0.785
6741,0.756
6742,0.756
6743,0.785
6744,0.785
6745,0.756
6746,0.756
6747,0.785
6748,0.785
6749,0.756
6750,0.756
6751,0.785
6752,0.785
6753,0.756
6754,0.756
6755,0.785
6756,0.785
6757,0.756
6758,0.756
6759,0.785
6760,0.785
6761,0.721
6762,0.721
6763,0.83
6764,0.83
6765,0.721
6766,0.721
6767,0.721
6768,0.721
6769,0.721
6770,0.721
6771,0.83
6772,0.83
6773,0.83
6774,0.83
6775,0.83
6776,0.83
6777,0.83
6778,0.83
6779,0.959
6780,0.959
6781,0.959
6782,0.959
6783,0.959
6784,0.959
6785,0.959
6786,0.959
6787,1.036
6788,1.036
6789,1.036
6790,1.026
6791,1.026
6792,1.026
6793,1.026
6794,1.026
6795,1.026
6796,1.026
6797,1.026
6798,0.93
6799,0.93
6800,0.93
6801,0.93
6802,0.93
6803,0.93
6804,0.93
6805,0.93
6806,0.817
6807,0.817
6808,0.817
6809,0.817
6810,0.817
6811,0.817
6812,0.817
6813,0.817
6814,0.804
6815,0.804
6816,0.804
6817,0.804
6818,0.73
6819,0.73
6820,0.804
6821,0.804
6822,0.73
6823,0.73
6824,0.804
6825,0.804
6826,0.73
6827,0.73
6828,0.804
6829,0.804
6830,0.73
6831,0.73
6832,0.804
6833,0.804
6834,0.73
6835,0.73
6836,0.804
6837,0.804
6838,0.73
6839,0.73
6840,0.804
6841,0.804
6842,0.73
6843,0.73
6844,0.73
6845,0.73
6846,0.73
6847,0.73
6848,0.859
6849,0.859
6850,0.859
6851,0.859
6852,0.859
6853,0.859
6854,0.859
6855,0.859
6856,0.997
6857,0.997
6858,0.997
6859,0.997
6860,0.997
6861,0.997
6862,0.997
6863,0.997
6864,1.123
6865,1.123
6866,1.123
6867,1.123
6868,1.123
6869,1.123
6870,1.123
6871,1.123
6872,1.213
6873,1.213
6874,1.213
6875,1.213
6876,1.213
6877,1.213
6878,1.213
6879,1.19
6880,1.19
6881,1.19
6882,1.19
6883,0.933
6884,0.933
6885,0.933
6886,0.933
6887,0.933
6888,0.933
6889,0.933
6890,0.933
6891,0.836
6892,0.836
6893,0.836
6894,0.836
6895,0.836
6896,0.836
6897,0.836
6898,0.836
6899,0.73
6900,0.73
6901,0.73
6902,0.73
6903,0.73
6904,0.73
6905,0.73
6906,0.73
6907,0.666
6908,0.666
6909,0.666
6910,0.666
6911,0.666
6912,0.666
6913,0.73
6914,0.73
6915,0.666
6916,0.666
6917,0.73
6918,0.73
6919,0.666
6920,0.666
6921,0.73
6922,0.73
6923,0.666
6924,0.666
6925,0.73
6926,0.73
6927,0.666
6928,0.666
6929,0.73
6930,0.73
6931,0.666
6932,0.666
6933,0.746
6934,0.746
6935,0.666
6936,0.666
6937,0.746
6938,0.746
6939,0.746
6940,0.746
6941,0.753
6942,0.753
6943,0.753
6944,0.753
6945,0.753
6946,0.753
6947,0.753
6948,0.753
6949,0.891
6950,0.891
6951,0.891
6952,0.891
6953,0.891
6954,0.891
6955,0.891
6956,0.891
6957,1.013
6958,1.013
6959,1.013
6960,1.013
6961,1.013
6962,1.013
6963,1.013
6964,1.013
6965,1.087
6966,1.087
6967,1.087
6968,1.087
6969,1.087
6970,1.087
6971,1.087
6972,1.087
6973,1.178
6974,1.178
6975,1.178
6976,1.116
6977,1.116
6978,1.116
6979,1.116
6980,1.116
6981,1.116
6982,1.116
6983,1.116
6984,0.994
6985,0.994
6986,0.994
6987,0.994
6988,0.994
6989,0.994
6990,0.994
6991,0.994
6992,0.875
6993,0.875
6994,0.875
6995,0.875
6996,0.875
6997,0.875
6998,0.875
6999,0.875
7000,0.808
7001,0.808
7002,0.808
7003,0.808
7004,0.808
7005,0.808
7006,0.82
7007,0.82
7008,0.808
7009,0.808
7010,0.808
7011,0.808
7012,0.763
7013,0.763
7014,0.808
7015,0.808
7016,0.763
7017,0.763
7018,0.808
7019,0.808
7020,0.763
7021,0.763
7022,0.808
7023,0.808
7024,0.763
7025,0.763
7026,0.808
7027,0.808
7028,0.763
7029,0.763
7030,0.763
7031,0.763
7032,0.746
7033,0.746
7034,0.82
7035,0.82
7036,0.746
7037,0.746
7038,0.746
7039,0.746
7040,0.746
7041,0.746
7042,0.836
7043,0.836
7044,0.836
7045,0.836
7046,0.836
7047,0.836
7048,0.836
7049,0.836
7050,0.943
7051,0.943
7052,0.943
7053,0.943
7054,0.943
7055,0.943
7056,0.943
7057,0.943
7058,1.042
7059,1.042
7060,1.042
7061,1.007
7062,1.007
7063,1.007
7064,1.007
7065,1.007
7066,1.007
7067,1.007
7068,1.007
7069,0.898
7070,0.898
7071,0.898
7072,0.898
7073,0.898
7074,0.898
7075,0.898
7076,0.898
7077,0.791
7078,0.791
7079,0.791
7080,0.791
7081,0.791
7082,0.791
7083,0.798
7084,0.798
7085,0.791
7086,0.791
7087,0.791
7088,0.791
7089,0.717
7090,0.717
7091,0.791
7092,0.791
7093,0.717
7094,0.717
7095,0.791
7096,0.791
7097,0.717
7098,0.717
7099,0.791
7100,0.791
7101,0.717
7102,0.717
7103,0.791
7104,0.791
7105,0.717
7106,0.717
7107,0.791
7108,0.791
7109,0.717
7110,0.717
7111,0.798
7112,0.798
7113,0.717
7114,0.717
7115,0.717
7116,0.717
7117,0.717
7118,0.717
7119,0.901
7120,0.901
7121,0.901
7122,0.901
7123,0.901
7124,0.901
7125,0.901
7126,0.901
7127,1.042
7128,1.042
7129,1.042
7130,1.042
7131,1.042
7132,1.042
7133,1.042
7134,1.042
7135,1.174
7136,1.174
7137,1.174
7138,1.174
7139,1.174
7140,1.174
7141,1.174
7142,1.174
7143,1.21
7144,1.21
7145,1.21
7146,0.962
7147,0.962
7148,0.962
7149,0.962
7150,0.962
7151,0.962
7152,0.962
7153,0.962
7154,0.856
7155,0.856
7156,0.856
7157,0.856
7158,0.856
7159,0.856
7160,0.856
7161,0.856
7162,0.743
7163,0.743
7164,0.743
7165,0.743
7166,0.743
7167,0.743
7168,0.743
7169,0.743
7170,0.653
7171,0.653
7172,0.653
7173,0.653
7174,0.653
7175,0.653
7176,0.743
7177,0.743
7178,0.653
7179,0.653
7180,0.737
7181,0.737
7182,0.653
7183,0.653
7184,0.737
7185,0.737
7186,0.653
7187,0.653
7188,0.737
7189,0.737
7190,0.653
7191,0.653
7192,0.737
7193,0.737
7194,0.653
7195,0.653
7196,0.737
7197,0.737
7198,0.653
7199,0.653
7200,0.737
7201,0.737
7202,0.737
7203,0.737
7204,0.759
7205,0.759
7206,0.737
7207,0.737
7208,0.737
7209,0.737
7210,0.737
7211,0.737
7212,0.888
7213,0.888
7214,0.888
7215,0.888
7216,0.888
7217,0.888
7218,0.888
7219,0.888
7220,1.007
7221,1.007
7222,1.007
7223,1.007
7224,1.007
7225,1.007
7226,1.007
7227,1.007
7228,1.107
7229,1.107
7230,1.107
7231,1.107
7232,1.107
7233,1.107
7234,1.107
7235,1.107
7236,1.184
7237,1.184
7238,1.184
7239,1.078
7240,1.078
7241,1.078
7242,1.078
7243,1.078
7244,1.078
7245,1.078
7246,1.078
7247,0.956
7248,0.956
7249,0.956
